{"x":0.468384074941452,"y":0.8032128514056224,"enabled":true,"settings":{"x":true,"y":true,"z":true,"backgroundcolor":1342177280,"textcolor":-1}}