{"x":81.0304449648712,"y":9.236947791164658,"enabled":true,"settings":{"backgroundcolor":1342177280,"textcolor":-1}}