{"x":81.0304449648712,"y":17.670682730923694,"enabled":true,"settings":{"dynamic_color":true,"backgroundcolor":1342177280,"textcolor":-1}}