[02:28:49] [main/INFO]: Loading Minecraft 1.21.1 with Fabric Loader 0.19.2
[02:28:50] [ForkJoinPool-1-worker-2/WARN]: The mod "accessories_compat_layer" contains invalid entries in its mod json:
- Unsupported root entry "#COMMENT_breaks" at line 53 column 20
[02:28:50] [ForkJoinPool-1-worker-2/WARN]: The mod "dungeons_arise" contains invalid entries in its mod json:
- Unsupported root entry "credits" at line 12 column 11
[02:28:50] [ForkJoinPool-1-worker-1/WARN]: The mod "betterstats" contains invalid entries in its mod json:
- Unsupported root entry "" at line 26 column 4
- Unsupported root entry "" at line 26 column 124
- Unsupported root entry "" at line 28 column 4
- Unsupported root entry "" at line 28 column 24
[02:28:50] [ForkJoinPool-1-worker-1/WARN]: Mod lootintegrations_moog uses the version ${version} which isn't compatible with Loader's extended semantic version format (Could not parse version number component '${version}'!), SemVer is recommended for reliably evaluating dependencies and prioritizing newer version
[02:28:50] [ForkJoinPool-1-worker-2/WARN]: Mod wither_spawn_fix uses the version MC1.21-1.0.0 which isn't compatible with Loader's extended semantic version format (Could not parse version number component 'MC1'!), SemVer is recommended for reliably evaluating dependencies and prioritizing newer version
[02:28:51] [ForkJoinPool-1-worker-1/WARN]: The mod "villagesandpillages" contains invalid entries in its mod json:
- Unsupported root entry "mc-publish" at line 46 column 15
[02:28:51] [ForkJoinPool-1-worker-1/WARN]: The mod "luna_minecraft" contains invalid entries in its mod json:
- Unsupported root entry "credits" at line 10 column 12
[02:28:51] [ForkJoinPool-1-worker-1/WARN]: The mod "tcdcommons" contains invalid entries in its mod json:
- Unsupported root entry "" at line 27 column 4
- Unsupported root entry "" at line 27 column 198
- Unsupported root entry "" at line 29 column 4
- Unsupported root entry "" at line 29 column 24
[02:28:51] [ForkJoinPool-1-worker-2/WARN]: The mod "takesapillage" contains invalid entries in its mod json:
- Unsupported root entry "mc-publish" at line 51 column 17
[02:28:51] [ForkJoinPool-1-worker-1/WARN]: Mod lootintegrations_yungs uses the version ${version} which isn't compatible with Loader's extended semantic version format (Could not parse version number component '${version}'!), SemVer is recommended for reliably evaluating dependencies and prioritizing newer version
[02:28:52] [main/INFO]: Dependencies overridden for sodium, mediumcore, improved-signs
[02:28:52] [main/WARN]: Warnings were found!
 - Mod 'Accessorify' (accessorify) 2.4.0-beta.5 recommends any version of lambdynlights, which is missing!
	 - You should install any version of lambdynlights for the optimal experience.
 - Mod 'Accessorify' (accessorify) 2.4.0-beta.5 recommends any version of modmenu, which is missing!
	 - You should install any version of modmenu for the optimal experience.
 - Mod 'ClientSort' (clientsort) 2.2.1+1.21.1 recommends version 11.0.0-beta.1 or later of modmenu, which is missing!
	 - You should install version 11.0.0-beta.1 or later of modmenu for the optimal experience.
 - Mod 'Colorwheel' (colorwheel) 1.2.2+mc1.21.1 recommends version 1.0.0 or later of flywheel, which is missing!
	 - You should install version 1.0.0 or later of flywheel for the optimal experience.
 - Mod 'Debugify' (debugify) 1.21.1+1.0 recommends any version of modmenu, which is missing!
	 - You should install any version of modmenu for the optimal experience.
 - Mod 'Forge Config API Port' (forgeconfigapiport) 21.1.6 recommends any version of modmenu, which is missing!
	 - You should install any version of modmenu for the optimal experience.
 - Mod 'Friends&Foes' (friendsandfoes) 4.0.25 recommends any version of modmenu, which is missing!
	 - You should install any version of modmenu for the optimal experience.
 - Mod 'MiscTweaks' (misctweaks) 1.3.0 recommends any version of modmenu, which is missing!
	 - You should install any version of modmenu for the optimal experience.
 - Mod 'Reacharound' (reacharound) 1.3.1 recommends any version of modmenu, which is missing!
	 - You should install any version of modmenu for the optimal experience.
 - Mod 'Rewithered' (rewithered) 1.0.8 recommends any version of modmenu, which is missing!
	 - You should install any version of modmenu for the optimal experience.
 - Mod 'Zombie Improvements' (zombieimprovements) 1.2.0 recommends any version of modmenu, which is missing!
	 - You should install any version of modmenu for the optimal experience.
[02:28:52] [main/INFO]: Loading 445 mods:
	- abridged 2.0.1
	- accessories 1.1.0-beta.53+1.21.1
	- accessories_compat_layer 0.1.12
	   \-- mixinsquared 0.3.4
	- accessorify 2.4.0-beta.5
	   \-- com_moulberry_mixinconstraints 1.1.0
	- adorabuild_structures 2.11.0
	- advancednetherite 2.3.1-1.21.1
	- adventuredungeons 1.3.1
	- adventurez 1.5.0
	- aether 1.5.11
	   |-- cumulus_menus 2.0.7
	   |-- mm_shedaniel 2.4.1
	   \-- nitrogen_internals 1.1.21
	- aether_enhanced_extinguishing 1.0.0
	- aether_protect_your_moa 1.0.0
	- aether_treasure_reforging 1.0.1
	- aether_villages 1.0.8
	- ali 1.9.1
	- almanac 1.5.2
	- alternate-current 1.9.0
	- amendments 1.21-2.0.15
	- animal_feeding_trough 1.1.2+1.21.1
	- another_furniture 4.0.2
	- architectury 13.0.8
	- aurelj_paintings 1.0.5
	- balm 21.0.56
	   \-- kuma_api 21.0.7
	- barteringstation 21.1.0
	- bcc 21.1.8
	- bclib 21.0.13
	- bedrockoid 0.1.4
	- betterdungeons 1.21.1-Fabric-5.1.4
	   \-- org_reflections_reflections 0.10.2
	- betterend 21.0.11
	- betterend-crashed-ships 1.1.0
	- betterendcitiesforbetterend 1.21.1-1.0.0
	- betterendelytrafix 1.0.0
	- betterendisland 1.21.1-Fabric-3.1.2
	   \-- org_reflections_reflections 0.10.2
	- betterfortresses 1.21.1-Fabric-3.1.5
	   \-- org_reflections_reflections 0.10.2
	- betterjungletemples 1.21.1-Fabric-3.1.2
	   \-- org_reflections_reflections 0.10.2
	- bettermineshafts 1.21.1-Fabric-5.1.1
	   \-- org_reflections_reflections 0.10.2
	- betternether 21.0.11
	- betteroceanmonuments 1.21.1-Fabric-4.1.2
	   \-- org_reflections_reflections 0.10.2
	- betterstats 3.13.9+fabric-1.21
	- betterstrongholds 1.21.1-Fabric-5.1.3
	   \-- org_reflections_reflections 0.10.2
	- betterwitchhuts 1.21.1-Fabric-4.1.1
	   \-- org_reflections_reflections 0.10.2
	- biomemusic 1.21-3.5
	- biomesoplenty 21.1.0.13
	- blended_compat 1.1.2
	- bookshelf 21.1.81
	- bosses_of_mass_destruction 1.10.2-1.21.1
	   \-- multipart_entities 1.7-1.21
	- c2me 0.3.0+alpha.0.363+1.21.1
	   |-- c2me-base 0.3.0+alpha.0.363+1.21.1
	   |-- c2me-client-uncapvd 0.3.0+alpha.0.363+1.21.1
	   |-- c2me-fixes-chunkio-threading-issues 0.3.0+alpha.0.363+1.21.1
	   |-- c2me-fixes-general-threading-issues 0.3.0+alpha.0.363+1.21.1
	   |-- c2me-fixes-worldgen-threading-issues 0.3.0+alpha.0.363+1.21.1
	   |-- c2me-fixes-worldgen-vanilla-bugs 0.3.0+alpha.0.363+1.21.1
	   |-- c2me-notickvd 0.3.0+alpha.0.363+1.21.1
	   |-- c2me-opts-allocs 0.3.0+alpha.0.363+1.21.1
	   |-- c2me-opts-chunkio 0.3.0+alpha.0.363+1.21.1
	   |-- c2me-opts-dfc 0.3.0+alpha.0.363+1.21.1
	   |-- c2me-opts-math 0.3.0+alpha.0.363+1.21.1
	   |-- c2me-opts-scheduling 0.3.0+alpha.0.363+1.21.1
	   |-- c2me-opts-worldgen-general 0.3.0+alpha.0.363+1.21.1
	   |-- c2me-opts-worldgen-vanilla 0.3.0+alpha.0.363+1.21.1
	   |-- c2me-rewrites-chunk-serializer 0.3.0+alpha.0.363+1.21.1
	   |-- c2me-rewrites-chunk-system 0.3.0+alpha.0.363+1.21.1
	   |-- c2me-rewrites-chunkio 0.3.0+alpha.0.363+1.21.1
	   |-- c2me-server-utils 0.3.0+alpha.0.363+1.21.1
	   |-- c2me-threading-lighting 0.3.0+alpha.0.363+1.21.1
	   |-- com_ibm_async_asyncutil 0.1.0
	   |-- io_reactivex_rxjava3_rxjava 3.1.12
	   |-- net_objecthunter_exp4j 0.4.8
	   |-- org_jctools_jctools-core 4.0.5
	   \-- org_reactivestreams_reactive-streams 1.0.4
	- cardinal-components 6.1.3
	   |-- cardinal-components-base 6.1.3
	   |-- cardinal-components-block 6.1.3
	   |-- cardinal-components-chunk 6.1.3
	   |-- cardinal-components-entity 6.1.3
	   |-- cardinal-components-item 6.1.3
	   |-- cardinal-components-level 6.1.3
	   |-- cardinal-components-scoreboard 6.1.3
	   \-- cardinal-components-world 6.1.3
	- carryon 2.2.2
	- cerulean 1.0.0
	- charm 7.0.42-forked
	   \-- com_moandjiezana_toml_toml4j 0.7.2
	- chipped 4.0.2
	- chunkactivitytracker 1.0.1
	- chunksending 1.21-2.8
	- clientcrafting 1.21-2.1
	- clientsort 2.2.1+1.21.1
	- climaterivers 21.1.3
	- cloth-config 15.0.140
	   \-- cloth-basic-math 0.6.1
	- clumps 19.0.0.1
	- collective 8.22
	- colorwheel 1.2.2+mc1.21.1
	- comforts 9.0.5+1.21.1
	   \-- spectrelib 0.17.2+1.21
	- configurable 3.5.1
	   |-- com_electronwill_night-config_core 3.8.3
	   |-- com_electronwill_night-config_toml 3.8.3
	   |-- com_google_auto_service_auto-service 1.0
	   |-- org_quiltmc_parsers_gson 0.3.1
	   \-- org_quiltmc_parsers_json 0.3.1
	- configureddefaults 21.1.3
	- connectivity 1.21-7.6
	- convenienteffects 21.1.4
	- coroutil 1.21.1-1.3.8
	- crash_assistant 1.11.9
	- craterlib 3.1.1
	   |-- net_kyori_adventure-api 4.26.1
	   |-- net_kyori_adventure-key 4.26.1
	   |-- net_kyori_adventure-text-minimessage 4.26.1
	   |-- net_kyori_adventure-text-serializer-commons 4.26.1
	   |-- net_kyori_adventure-text-serializer-gson 4.26.1
	   |-- net_kyori_adventure-text-serializer-json 4.26.1
	   |-- net_kyori_adventure-text-serializer-plain 4.26.1
	   |-- net_kyori_examination-api 1.3.0
	   |-- net_kyori_examination-string 1.3.0
	   \-- net_kyori_option 1.1.0
	- crawl 0.14.9
	- cupboard 1.21-2.9
	- debugify 1.21.1+1.0
	- deeperdarker 1.3.3
	   \-- customportalapi 0.0.1-beta66-1.21
	- despawntweaks 1.0.0
	- deuf_refabricated 1.1.0
	- diagonalfences 21.1.1
	- diagonalwalls 21.1.2
	   \-- diagonalblocks 21.1.2
	- disconnect-packet-fix 2.0.0
	- does_it_tick 1.1.4
	- dragonloot 1.1.8
	- dummmmmmy 1.21-2.0.12
	- dungeons_arise 2.1.68
	- dyedflames 21.1.1
	   \-- neoforgedatapackextensions 21.1.2
	- earlybedtime 1.0.0
	- easyanvils 21.1.0
	- easymagic 21.1.4
	- eternalnether 21.1.3
	- explorations 1.21.1-1.6.2
	- explorify 1.6.4
	- fabric-api 0.116.11+1.21.1
	   |-- fabric-api-base 0.4.42+6573ed8c19
	   |-- fabric-api-lookup-api-v1 1.6.72+7b3d111d19
	   |-- fabric-biome-api-v1 13.0.31+d527f9fd19
	   |-- fabric-block-api-v1 1.1.0+0bc3503219
	   |-- fabric-block-view-api-v2 1.0.11+ebb2264e19
	   |-- fabric-blockrenderlayer-v1 1.1.52+0af3f5a719
	   |-- fabric-client-tags-api-v1 1.1.15+6573ed8c19
	   |-- fabric-command-api-v1 1.2.49+f71b366f19
	   |-- fabric-command-api-v2 2.2.28+6ced4dd919
	   |-- fabric-commands-v0 0.2.66+df3654b319
	   |-- fabric-content-registries-v0 8.0.19+b559734419
	   |-- fabric-convention-tags-v1 2.1.7+7f945d5b19
	   |-- fabric-convention-tags-v2 2.12.0+c3656daa19
	   |-- fabric-crash-report-info-v1 0.2.29+0af3f5a719
	   |-- fabric-data-attachment-api-v1 1.4.6+5b36e0f719
	   |-- fabric-data-generation-api-v1 20.2.37+60a6976219
	   |-- fabric-dimensions-v1 4.0.1+65213ef819
	   |-- fabric-entity-events-v1 1.8.0+2b27e0a419
	   |-- fabric-events-interaction-v0 0.7.13+ba9dae0619
	   |-- fabric-game-rule-api-v1 1.0.53+6ced4dd919
	   |-- fabric-item-api-v1 11.2.0+3b3cb2e819
	   |-- fabric-item-group-api-v1 4.1.7+def88e3a19
	   |-- fabric-key-binding-api-v1 1.0.47+0af3f5a719
	   |-- fabric-keybindings-v0 0.2.45+df3654b319
	   |-- fabric-lifecycle-events-v1 2.6.0+0865547519
	   |-- fabric-loot-api-v2 3.0.15+3f89f5a519
	   |-- fabric-loot-api-v3 1.0.3+3f89f5a519
	   |-- fabric-message-api-v1 6.0.14+8aaf3aca19
	   |-- fabric-model-loading-api-v1 2.1.0+b4d813fc19
	   |-- fabric-networking-api-v1 4.3.0+c7469b2119
	   |-- fabric-object-builder-api-v1 15.2.1+40875a9319
	   |-- fabric-particles-v1 4.0.2+6573ed8c19
	   |-- fabric-recipe-api-v1 5.0.15+2475392c19
	   |-- fabric-registry-sync-v0 5.3.1+e3eddc2119
	   |-- fabric-renderer-api-v1 3.4.1+b4d813fc19
	   |-- fabric-renderer-indigo 1.7.1+c705a49c19
	   |-- fabric-renderer-registries-v1 3.2.69+df3654b319
	   |-- fabric-rendering-data-attachment-v1 0.3.49+73761d2e19
	   |-- fabric-rendering-fluids-v1 3.1.6+1daea21519
	   |-- fabric-rendering-v0 1.1.72+df3654b319
	   |-- fabric-rendering-v1 5.1.0+ab4c25a019
	   |-- fabric-resource-conditions-api-v1 4.3.0+8dc279b119
	   |-- fabric-resource-loader-v0 1.3.1+5b5275af19
	   |-- fabric-screen-api-v1 2.0.25+8b68f1c719
	   |-- fabric-screen-handler-api-v1 1.3.90+b559734419
	   |-- fabric-sound-api-v1 1.0.23+6573ed8c19
	   |-- fabric-transfer-api-v1 5.4.4+7b3d111d19
	   \-- fabric-transitive-access-wideners-v1 6.2.0+45b9699719
	- fabric-language-kotlin 1.13.11+kotlin.2.3.21
	   |-- org_jetbrains_kotlin_kotlin-reflect 2.3.21
	   |-- org_jetbrains_kotlin_kotlin-stdlib 2.3.21
	   |-- org_jetbrains_kotlin_kotlin-stdlib-jdk7 2.3.21
	   |-- org_jetbrains_kotlin_kotlin-stdlib-jdk8 2.3.21
	   |-- org_jetbrains_kotlinx_atomicfu-jvm 0.32.1
	   |-- org_jetbrains_kotlinx_kotlinx-coroutines-core-jvm 1.10.2
	   |-- org_jetbrains_kotlinx_kotlinx-coroutines-jdk8 1.10.2
	   |-- org_jetbrains_kotlinx_kotlinx-datetime-jvm 0.7.1
	   |-- org_jetbrains_kotlinx_kotlinx-io-bytestring-jvm 0.9.0
	   |-- org_jetbrains_kotlinx_kotlinx-io-core-jvm 0.9.0
	   |-- org_jetbrains_kotlinx_kotlinx-serialization-cbor-jvm 1.11.0
	   |-- org_jetbrains_kotlinx_kotlinx-serialization-core-jvm 1.11.0
	   \-- org_jetbrains_kotlinx_kotlinx-serialization-json-jvm 1.11.0
	- fabrication 3.6.6+1.21
	   \-- lib39-deferral 1.5.0-experimental6.1+1.20.1
	- fabricloader 0.19.2
	   \-- mixinextras 0.5.4
	- fakedate 1.0.4+1.21.11-fabric
	- fallingtree 1.21.1.11
	- farmers_structures 1.0.0
	- farmersdelight 1.21.1-3.2.5+refabricated
	   \-- mm 2.3
	- fastasyncworldsave 1.21-2.6
	- faster-random 5.1.0
	- fastitemframes 21.1.6
	- fastpaintings 1.21-1.3.0
	- faux-custom-entity-data 13.0.1
	- ferritecore 7.0.3
	- foolproof 1.0.4
	   \-- conditional-mixin 0.6.4
	- forgeconfigapiport 21.1.6
	- formations 1.0.2
	- formationsnether 1.0.5
	- formationsoverworld 1.0.5
	- framework 0.13.11
	   |-- org_javassist_javassist 3.29.2-GA
	   \-- org_reflections_reflections 0.10.2
	- friendsandfoes 4.0.25
	- frostiful 2.3.1+1.21.1
	- ftbfiltersystem 21.1.4
	- ftblibrary 2101.1.31
	- ftbquests 2101.1.24
	   \-- team_reborn_energy 4.1.0
	- ftbteams 2101.1.10
	- ftbxmodcompat 21.1.8
	- fullstackwatchdog 1.0.1+1.19.2-fabric
	- fwaystones 3.3.4+mc1.21.1
	- fzzy_config 0.7.6+1.21
	   |-- blue_endless_jankson 1.2.3
	   |-- fabric-permissions-api-v0 0.3.1
	   \-- net_peanuuutz_tomlkt_tomlkt-jvm 0.3.7
	- geckolib 4.8.4
	- geophilic 3.4.6
	- glitchcore 2.1.0.0
	   \-- net_jodah_typetools 0.6.3
	- glow_up 1.2.1-1.21-1.21.1
	- goblintraders 1.11.2
	- handcrafted 4.0.3
	- hearths 1.0.5
	- hellish_trials 1.0.5
	- horse-breeding-fix 1.1.1
	- hybrid-aquatic 1.5.5
	- iceberg 1.3.2
	- illagerinvasion 21.1.6
	   \-- extensibleenums 21.1.1
	- immersivearmorhud 1.0.1
	- immersivelanterns 1.0.6
	- immersivemessages 1.0.18
	   \-- mm 2.3
	- improved_village_placement 1.1.2
	- inmis 2.8.2-1.21.1
	- inmisaddon 1.0.6
	- jade 15.10.5+fabric
	- jadeaddons 6.0.3+fabric
	- jamlib 1.3.6+1.21.1
	   \-- blue_endless_jankson 1.2.3
	- java 21
	- jei 19.27.0.340
	- justenoughbreeding 1.6.2
	- kiwi 15.8.3+fabric
	- kleeslabs 21.1.10
	- konkrete 1.9.9
	- krypton 0.2.8
	   \-- com_velocitypowered_velocity-native 3.3.0-SNAPSHOT
	- leaderboards 2.0.0
	- leavesbegone 21.1.1
	- lithium 0.15.3+mc1.21.1
	- lithostitched 1.7.2
	- lmft 1.1.1+1.21.9
	- loadingprotection 1.0.2-1.21.1
	- logbegone 1.0.3
	- lootintegration_wda 1
	- lootintegrations 1.21-4.7
	- lootintegrations_formations 1.3
	- lootintegrations_moog ${version}
	- lootintegrations_yungs ${version}
	- luna_minecraft 5.3.1
	   \-- folk_sisby_kaleido-config 0.3.1+1.3.1
	- magnumtorch 21.1.1
	- mapdistancefix 1.1.1+mc1.21-1.21.11
	- melody 1.0.10
	- memorysettings 1.21-6.0
	- mes 2.0.2
	- midnightlib 1.9.3
	- minecraft 1.21.1
	- misctweaks 1.3.0
	   \-- mixson 1.4.0
	- missingmodschecker 1.0.1
	   \-- conditional-mixin 0.6.4
	- mixintrace 1.1.1+1.17
	- mmv 2.1.0
	- mns 2.0.4
	- modernfix 5.25.1+mc1.21.1
	- modid 2.0.0
	- modpack-update-checker 0.15.6
	   \-- mpuc_lavendermd 0.1.2
	- moogs_structures 2.0.4-fabric
	- moonlight 1.21.1-3.0.5
	- morevillagers 1.25.12.4
	- mr_dungeons_andtavernsancientcityoverhaul 1-v2
	- mr_dungeons_andtavernsswamphutoverhaul 1-v2
	- mr_dungeons_andtavernswoodlandmansionreplacement 1-v1.2
	- mr_farmers_cuttingbiomesoplenty 1.21-2.0.0-fabric
	- mr_lukis_crazychambers 1.0.3
	- mr_vb_compat 1.4
	- mvs 5.0.9
	- mynethersdelight 1.21.1-2.0.3+1.7.8.refabricated
	- natures_spirit 2.2.5-1.21.1
	- naturescompass 1.21.1-2.6.0-fabric
	- neruina 3.3.1
	   \-- org_kohsuke_github-api 2.0-rc.6
	- netherchested 21.1.1
	   \-- limitlesscontainers 21.1.0
	- netherportalfix 21.1.3
	- nochatreports 1.21.1-v2.9.1
	- openpartiesandclaims 0.26.2
	- owo 0.12.15.4+1.21
	   |-- io_wispforest_endec 0.1.5.1
	   |-- io_wispforest_endec_gson 0.1.3.1
	   |-- io_wispforest_endec_jankson 0.1.3.1
	   \-- io_wispforest_endec_netty 0.1.2
	- packanalytics 1.0.4
	   \-- conditional-mixin 0.6.4
	- packetfixer 3.3.1
	- patchouli 1.21-87-FABRIC
	   \-- fiber 0.23.0-2
	- paxi 1.21.1-Fabric-5.1.3
	   \-- org_reflections_reflections 0.10.2
	- pingwheel 1.12.2
	- placeholder-api 2.4.2+1.21
	- platform 1.3
	- polymorph 1.1.0+1.21.1
	- powerfix 1.0.0
	- prickle 21.1.11
	- puffish_biome_dither 1.0.0
	- puzzleslib 21.1.39
	- questkilltask 0.3.1+1.21.1
	- randomenchantfix 1.0.1
	- reacharound 1.3.1
	- recipeessentials 1.21-4.1
	- redirected 1.0.0
	- repurposed_structures 7.5.20+1.21.1-fabric
	- reputation 0.2.9+jade.1.21.1
	- reset_controls_confirmation 1.0.0
	- resourcefulconfig 3.0.11
	- resourcefullib 3.0.12
	   |-- com_teamresourceful_bytecodecs 1.1.2
	   \-- com_teamresourceful_yabn 1.0.3
	- rewithered 1.0.8
	   \-- mixson 1.4.0
	- rightclickharvest 4.6.1+1.21.1
	- sawmill 1.21-1.7.2
	- scalablelux 0.1.0.1+fabric.d0d58ab
	- seasons 2.4.2-BETA+1.21
	- seasonsdelightcompat 1.0-1.3.9
	- seasonsextras 1.3.2-BETA+1.21
	- simple_snowy_fix 2.1.9
	- skeletonaifix 21.1.1
	- skinlayers3d 1.11.1
	   |-- transition 1.0.17
	   \-- trender 1.0.12
	- smarterfarmers 1.21-2.2.4
	- smoothchunk 1.21-4.1
	- snowrealmagic 12.2.0+fabric
	- sodiumleafculling 1.0.1
	- sound_physics_remastered 1.21.1-1.5.1
	- spark 1.10.109
	   \-- fabric-permissions-api-v0 0.3.1
	- sparsestructures 3.0
	- stackdeobfuscator 1.4.3+08e71cc
	   |-- net_fabricmc_mapping-io 0.6.1
	   \-- stackdeobfuscator-common 1.4.3+08e71cc
	- stoneworks 21.1.0
	- stonycliffs 1.1.2
	- structory 1.3.16
	- structory_towers 1.0.16
	- structure_layout_optimizer 1.0.12
	- structureessentials 1.21-5.0
	- subtle_effects 1.14.3
	   \-- com_moulberry_mixinconstraints 1.1.0
	- supplementaries 1.21.1-3.6.4
	- takesapillage 1.0.10
	- tcdcommons 3.12.7+fabric-1.21
	- terrablender 4.1.0.8
	- the_bumblezone 7.13.2+1.21.1-fabric
	   \-- athena 4.0.0
	- thermoo 4.8.0
	- thermoo-patches 3.7.2
	   |-- thermoo-patches-base 3.7.2
	   |-- thermoo-patches-colorfulhearts-patch 3.7.2
	   |-- thermoo-patches-fabric-seasons-patch 3.7.2
	   |-- thermoo-patches-friendsandfoes-patch 3.7.2
	   |-- thermoo-patches-origins-patch 3.7.2
	   |-- thermoo-patches-overflowing-bars-patch 3.7.2
	   |-- thermoo-patches-serene-seasons-patch 3.7.2
	   |-- thermoo-patches-simple-seasons-patch 3.7.2
	   \-- thermoo-patches-stellaris-patch 3.7.2
	- toms_storage 2.3.0
	- tradingpost 21.1.1
	- trinkets 3.10.0
	- txnilib 1.0.24
	- u_desert 2.0.3
	- u_framework 1.1.0
	- underlay 1.0.1
	- underwater-swim-fix 1.0.2
	- vanillabackport 1.1.6.3
	- variantcraftingtables 7.1
	- variantsandventures 1.0.24
	- veinmining 5.0.0-beta+1.21
	- villagerapi 1.26.1.3
	- villagernames 4.5.4
	- villagesandpillages 1.0.3
	- visualworkbench 21.1.1
	- voidz 1.0.11
	- watut 1.21.0-1.2.7
	- wither_spawn_fix MC1.21-1.0.0
	- wover 21.0.13
	   |-- wover-biome 21.0.13
	   |-- wover-block 21.0.13
	   |-- wover-common 21.0.13
	   |-- wover-core 21.0.13
	   |-- wover-datagen 21.0.13
	   |-- wover-events 21.0.13
	   |-- wover-feature 21.0.13
	   |-- wover-generator 21.0.13
	   |-- wover-item 21.0.13
	   |-- wover-math 21.0.13
	   |-- wover-preset 21.0.13
	   |-- wover-recipe 21.0.13
	   |-- wover-structure 21.0.13
	   |-- wover-surface 21.0.13
	   |-- wover-tag 21.0.13
	   \-- wover-ui 21.0.13
	- wunderlib 21.0.8
	- xaerominimap 25.3.12
	   \-- xaerolib 1.1.15
	- xaeroworldmap 1.40.16
	   \-- xaerolib 1.1.15
	- xp_storage 1.6+1.21
	- xp_storage_trinkets 1.0.2+1.21
	- yet_another_config_lib_v3 3.8.2+1.21.1-fabric
	   |-- com_twelvemonkeys_common_common-image 3.12.0
	   |-- com_twelvemonkeys_common_common-io 3.12.0
	   |-- com_twelvemonkeys_common_common-lang 3.12.0
	   |-- com_twelvemonkeys_imageio_imageio-core 3.12.0
	   |-- com_twelvemonkeys_imageio_imageio-metadata 3.12.0
	   \-- com_twelvemonkeys_imageio_imageio-webp 3.12.0
	- yigd 2.4.18
	   |-- fabric-permissions-api-v0 0.3.1
	   \-- libgui 11.1.0+1.21
	        |-- jankson 8.0.0+j1.2.3
	        |    \-- blue_endless_jankson 1.2.3
	        \-- libninepatch 1.2.0
	- yungsapi 1.21.1-Fabric-5.1.6
	   |-- org_javassist_javassist 3.29.2-GA
	   \-- org_reflections_reflections 0.10.2
	- zombieimprovements 1.2.0
[02:28:55] [main/INFO]: Applying default files...
[02:28:55] [main/WARN]: launchTarget: SERVER. Crash Assistant is client only mod. Mod will do nothing!
[02:28:55] [main/INFO]: All mods found!
[02:28:56] [main/INFO]: SpongePowered MIXIN Subsystem Version=0.8.7 Source=file:/workspaces/painful_time/BetterMC/libraries/net/fabricmc/sponge-mixin/0.17.2+mixin.0.8.7/sponge-mixin-0.17.2+mixin.0.8.7.jar Service=Knot/Fabric Env=SERVER
[02:28:56] [main/INFO]: Compatibility level set to JAVA_17
[02:28:56] [main/INFO]: Compatibility level set to JAVA_21
[02:28:57] [main/WARN]: Reference map 'aether_villages-common-common-refmap.json' for aether_villages.mixins.json could not be read. If this is a development environment you can ignore this message
[02:28:57] [main/WARN]: Reference map 'aurelj_paintings-common-common-refmap.json' for aurelj_paintings.mixins.json could not be read. If this is a development environment you can ignore this message
[02:28:57] [main/WARN]: Reference map 'barteringstation.fabric.refmap.json' for barteringstation.fabric.mixins.json could not be read. If this is a development environment you can ignore this message
[02:28:57] [main/INFO]: Initializing com.ishland.c2me.base.mixin
[02:28:57] [main/INFO]: Config defaultGlobalExecutorParallelismExpression changed from 
    max(
        1,
        min(
            if( is_windows,
                (cpus / 1.6),
                (cpus / 1.3)
            )  - if(is_client, 1, 0),
            ( ( mem_gb - (if(is_client, 1.2, 0.6)) ) / 0.6 )
        )
    )
  to max(1,min(if(is_client,(cpus/2.78+1),(cpus/1.45)),if(is_j9vm,((mem_gb-(if(is_client,0.525,0.2)))/0.2),((mem_gb-(if(is_client,0.9,0.5)))/0.3))))
[02:28:57] [main/INFO]: Config globalExecutorParallelism changed from 1 to 7
[02:28:57] [main/INFO]: Global Executor Parallelism: 7 configured, 1 evaluated, 1 default evaluated
[02:28:57] [main/INFO]: Initializing com.ishland.c2me.fixes.chunkio.threading_issues.mixin
[02:28:57] [main/INFO]: Initializing com.ishland.c2me.fixes.general.threading_issues.mixin
[02:28:57] [main/INFO]: Initializing com.ishland.c2me.fixes.worldgen.threading_issues.mixin
[02:28:57] [main/INFO]: Initializing com.ishland.c2me.fixes.worldgen.vanilla_bugs.mixin
[02:28:57] [main/INFO]: Initializing com.ishland.c2me.notickvd.mixin
[02:28:57] [main/INFO]: Config noTickViewDistance.maxConcurrentChunkLoads changed from 8 to 14
[02:28:57] [main/INFO]: Config noTickViewDistance.compatibilityMode changed from true to true
[02:28:57] [main/INFO]: Config noTickViewDistance.enableExtRenderDistanceProtocol changed from true to false
[02:28:57] [main/INFO]: Config noTickViewDistance.ensureChunkCorrectness changed from false to true
[02:28:57] [main/INFO]: Initializing com.ishland.c2me.opts.allocs.mixin
[02:28:57] [main/INFO]: Initializing com.ishland.c2me.opts.chunkio.mixin
[02:28:57] [main/INFO]: Initializing com.ishland.c2me.opts.dfc.mixin
[02:28:57] [main/INFO]: Config vanillaWorldGenOptimizations.useDensityFunctionCompiler changed from false to true
[02:28:57] [main/INFO]: Initializing com.ishland.c2me.opts.math.mixin
[02:28:57] [main/INFO]: Initializing com.ishland.c2me.opts.scheduling.mixin
[02:28:57] [main/INFO]: Initializing com.ishland.c2me.opts.worldgen.general.mixin
[02:28:57] [main/INFO]: Initializing com.ishland.c2me.opts.worldgen.vanilla.mixin
[02:28:57] [main/INFO]: Initializing com.ishland.c2me.rewrites.chunk_serializer.mixin
[02:28:57] [main/INFO]: Disabling config ioSystem.gcFreeChunkSerializer: Incompatible with architectury@13.0.8 (*) (defined in c2me)
[02:28:57] [main/INFO]: Config ioSystem.gcFreeChunkSerializer changed from false to false
[02:28:57] [main/INFO]: Disabling com.ishland.c2me.rewrites.chunk_serializer.mixin
[02:28:57] [main/INFO]: Initializing com.ishland.c2me.rewrites.chunksystem.mixin
[02:28:57] [main/INFO]: Config chunkSystem.suppressGhostMushrooms changed from false to true
[02:28:57] [main/INFO]: Config chunkSystem.syncPlayerTickets changed from true to true
[02:28:57] [main/INFO]: Initializing com.ishland.c2me.rewrites.chunkio.mixin
[02:28:57] [main/INFO]: Initializing com.ishland.c2me.server.utils.mixin
[02:28:57] [main/INFO]: Initializing com.ishland.c2me.threading.lighting.mixin
[02:28:57] [main/INFO]: Adding debug check: svenhjol.charm.mixin.MixinConfig$$Lambda/0x00007fabcc2b56a8@28757abd
[02:28:57] [main/INFO]: Adding mixin disable check: svenhjol.charm.mixin.MixinConfig$$Lambda/0x00007fabcc2b5ab0@3c8a7e38
[02:28:57] [main/WARN]: Reference map 'climaterivers.fabric.refmap.json' for climaterivers.fabric.mixins.json could not be read. If this is a development environment you can ignore this message
[02:28:57] [main/WARN]: Reference map 'configureddefaults.common.refmap.json' for configureddefaults.common.mixins.json could not be read. If this is a development environment you can ignore this message
[02:28:57] [main/WARN]: Reference map 'configureddefaults.fabric.refmap.json' for configureddefaults.fabric.mixins.json could not be read. If this is a development environment you can ignore this message
[02:28:57] [main/WARN]: Reference map 'convenienteffects.fabric.refmap.json' for convenienteffects.fabric.mixins.json could not be read. If this is a development environment you can ignore this message
[02:28:57] [main/WARN]: Reference map 'coroutil.refmap.json' for coroutil_fabric.mixins.json could not be read. If this is a development environment you can ignore this message
[02:28:57] [main/WARN]: Reference map 'diagonalfences.common.refmap.json' for diagonalfences.common.mixins.json could not be read. If this is a development environment you can ignore this message
[02:28:57] [main/WARN]: Reference map 'diagonalfences.fabric.refmap.json' for diagonalfences.fabric.mixins.json could not be read. If this is a development environment you can ignore this message
[02:28:57] [main/WARN]: Reference map 'diagonalwalls.common.refmap.json' for diagonalwalls.common.mixins.json could not be read. If this is a development environment you can ignore this message
[02:28:57] [main/WARN]: Reference map 'diagonalwalls.fabric.refmap.json' for diagonalwalls.fabric.mixins.json could not be read. If this is a development environment you can ignore this message
[02:28:57] [main/WARN]: Reference map 'dyedflames.fabric.refmap.json' for dyedflames.fabric.mixins.json could not be read. If this is a development environment you can ignore this message
[02:28:57] [main/WARN]: Reference map 'extensibleenums.common.refmap.json' for extensibleenums.common.mixins.json could not be read. If this is a development environment you can ignore this message
[02:28:57] [main/WARN]: Reference map 'extensibleenums.fabric.refmap.json' for extensibleenums.fabric.mixins.json could not be read. If this is a development environment you can ignore this message
[02:28:58] [main/INFO]: [Fabrication] Reloading configs...
[02:28:58] [main/INFO]: [Fabrication] Loading of features.ini done in 23.03 ms with 0 warnings
[02:28:58] [main/WARN]: Reference map 'fastitemframes.fabric.refmap.json' for fastitemframes.fabric.mixins.json could not be read. If this is a development environment you can ignore this message
[02:28:58] [main/WARN]: Reference map 'forgeconfigapiport.common.refmap.json' for forgeconfigapiport.common.mixins.json could not be read. If this is a development environment you can ignore this message
[02:28:58] [main/WARN]: Reference map 'formationsnether.mixins.refmap.json' for formationsnether.mixins.json could not be read. If this is a development environment you can ignore this message
[02:28:58] [main/WARN]: Reference map 'formationsoverworld.mixins.refmap.json' for formationsoverworld.mixins.json could not be read. If this is a development environment you can ignore this message
[02:28:58] [main/WARN]: Reference map 'friendsandfoes.refmap.json' for friendsandfoes-common.mixins.json could not be read. If this is a development environment you can ignore this message
[02:28:58] [main/WARN]: Reference map 'friendsandfoes.refmap.json' for friendsandfoes-fabric.mixins.json could not be read. If this is a development environment you can ignore this message
[02:28:58] [main/WARN]: Reference map 'hellish_trials-common-common-refmap.json' for hellish_trials.mixins.json could not be read. If this is a development environment you can ignore this message
[02:28:58] [main/WARN]: Reference map 'illagerinvasion.fabric.refmap.json' for illagerinvasion.fabric.mixins.json could not be read. If this is a development environment you can ignore this message
[02:28:58] [main/WARN]: Reference map 'leavesbegone.fabric.refmap.json' for leavesbegone.fabric.mixins.json could not be read. If this is a development environment you can ignore this message
[02:28:58] [main/WARN]: Reference map 'limitlesscontainers.common.refmap.json' for limitlesscontainers.common.mixins.json could not be read. If this is a development environment you can ignore this message
[02:28:58] [main/WARN]: Reference map 'limitlesscontainers.fabric.refmap.json' for limitlesscontainers.fabric.mixins.json could not be read. If this is a development environment you can ignore this message
[02:28:58] [main/WARN]: No configuration key exists with name 'mixin.ai.nearby_entity_tracking', ignoring
[02:28:58] [main/WARN]: Mod 'supplementaries' attempted to override option 'mixins.block.moving_block_shapes', which doesn't exist, ignoring
[02:28:58] [main/INFO]: Option 'mixin.entity.collisions.fluid' requires 'mixin.util.block_tracking=true' but found 'false'. Setting 'mixin.entity.collisions.fluid=false'.
[02:28:58] [main/INFO]: Option 'mixin.experimental.entity.block_caching.block_support' requires 'mixin.util.block_tracking=true' but found 'false'. Setting 'mixin.experimental.entity.block_caching.block_support=false'.
[02:28:58] [main/INFO]: Option 'mixin.experimental.entity.block_caching.fluid_pushing' requires 'mixin.util.block_tracking=true' but found 'false'. Setting 'mixin.experimental.entity.block_caching.fluid_pushing=false'.
[02:28:58] [main/INFO]: Option 'mixin.experimental.entity.block_caching.block_touching' requires 'mixin.util.block_tracking=true' but found 'false'. Setting 'mixin.experimental.entity.block_caching.block_touching=false'.
[02:28:58] [main/INFO]: Option 'mixin.experimental.entity.block_caching.suffocation' requires 'mixin.util.block_tracking=true' but found 'false'. Setting 'mixin.experimental.entity.block_caching.suffocation=false'.
[02:28:58] [main/INFO]: Option 'mixin.experimental.entity.block_caching' requires 'mixin.util.block_tracking=true' but found 'false'. Setting 'mixin.experimental.entity.block_caching=false'.
[02:28:58] [main/INFO]: Loaded configuration file for Lithium: 150 options available, 1 override(s) found
[02:28:58] [main/INFO]: Started MM (shedaniel's fork) at me/shedaniel/gen/mixin/
[02:28:58] [main/WARN]: Reference map 'Manningham Mills-refmap.json' for mixins.mm_shedaniel.json could not be read. If this is a development environment you can ignore this message
[02:28:58] [main/INFO]: Loaded configuration file for ModernFix 5.25.1+mc1.21.1: 65 options available, 5 override(s) found
[02:28:58] [main/WARN]: Option 'mixin.bugfix.paper_chunk_patches' overriden (by mods [c2me]) to 'false'
[02:28:58] [main/WARN]: Option 'mixin.perf.faster_item_rendering' overriden (by user configuration) to 'true'
[02:28:58] [main/WARN]: Option 'mixin.perf.cache_strongholds' overriden (by mods [c2me]) to 'false'
[02:28:58] [main/WARN]: Option 'mixin.feature.branding' overriden (by user configuration) to 'false'
[02:28:58] [main/WARN]: Option 'mixin.bugfix.chunk_deadlock' overriden (by mods [c2me]) to 'false'
[02:28:58] [main/INFO]: Applying Nashorn fix
[02:28:58] [main/WARN]: Reference map 'neoforgedatapackextensions.common.refmap.json' for neoforgedatapackextensions.common.mixins.json could not be read. If this is a development environment you can ignore this message
[02:28:58] [main/WARN]: Reference map 'netherchested.fabric.refmap.json' for netherchested.fabric.mixins.json could not be read. If this is a development environment you can ignore this message
[02:28:58] [main/INFO]: Packet Fixer forge 1.20.5-1.21.X has been applied successfully.
[02:28:58] [main/WARN]: Reference map 'prickle.refmap.json' for prickle.mixins.json could not be read. If this is a development environment you can ignore this message
[02:28:58] [main/WARN]: Reference map 'prickle.refmap.json' for prickle.fabric.mixins.json could not be read. If this is a development environment you can ignore this message
[02:28:58] [main/WARN]: Reference map 'skeletonaifix.common.refmap.json' for skeletonaifix.common.mixins.json could not be read. If this is a development environment you can ignore this message
[02:28:58] [main/WARN]: Reference map 'skeletonaifix.fabric.refmap.json' for skeletonaifix.fabric.mixins.json could not be read. If this is a development environment you can ignore this message
[02:28:58] [main/WARN]: Reference map 'stoneworks.common.refmap.json' for stoneworks.common.mixins.json could not be read. If this is a development environment you can ignore this message
[02:28:58] [main/WARN]: Reference map 'stoneworks.fabric.refmap.json' for stoneworks.fabric.mixins.json could not be read. If this is a development environment you can ignore this message
[02:28:58] [main/WARN]: Reference map 'subtle_effects.refmap.json' for subtle_effects.mixins.json could not be read. If this is a development environment you can ignore this message
[02:28:58] [main/WARN]: Reference map 'subtle_effects.refmap.json' for subtle_effects.fabric.mixins.json could not be read. If this is a development environment you can ignore this message
[02:28:59] [main/WARN]: Reference map 'tradingpost.fabric.refmap.json' for tradingpost.fabric.mixins.json could not be read. If this is a development environment you can ignore this message
[02:28:59] [main/WARN]: Reference map 'visualworkbench.fabric.refmap.json' for visualworkbench.fabric.mixins.json could not be read. If this is a development environment you can ignore this message
[02:28:59] [main/WARN]: Reference map 'yet_another_config_lib_v3.refmap.json' for yacl.mixins.json could not be read. If this is a development environment you can ignore this message
[02:28:59] [main/WARN]: Reference map 'yet_another_config_lib_v3.refmap.json' for yacl-fabric.mixins.json could not be read. If this is a development environment you can ignore this message
[02:28:59] [main/WARN]: Error loading class: net/minecraft/class_310 (java.lang.ClassNotFoundException: net/minecraft/class_310)
[02:28:59] [main/WARN]: @Mixin target net.minecraft.class_310 was not found aether.mixins.json:client.accessor.MinecraftAccessor from mod aether
[02:29:00] [main/WARN]: Error loading class: dev/emi/emi/screen/RecipeScreen (java.lang.ClassNotFoundException: dev/emi/emi/screen/RecipeScreen)
[02:29:00] [main/WARN]: @Mixin target dev.emi.emi.screen.RecipeScreen was not found ali.emi.mixins.json:MixinRecipeScreen from mod ali
[02:29:00] [main/WARN]: Error loading class: net/caffeinemc/mods/sodium/client/render/chunk/compile/pipeline/BlockRenderer (java.lang.ClassNotFoundException: net/caffeinemc/mods/sodium/client/render/chunk/compile/pipeline/BlockRenderer)
[02:29:00] [main/WARN]: @Mixin target net.caffeinemc.mods.sodium.client.render.chunk.compile.pipeline.BlockRenderer was not found bedrockoid.mixins.json:client.sodium.BlockRendererMixin from mod bedrockoid
[02:29:01] [main/WARN]: Blacklisted mixin svenhjol.charm.mixin.feature.pigs_find_mushrooms.PigMixin
[02:29:01] [main/WARN]: Error loading class: net/irisshaders/iris/gl/blending/BlendModeOverride (java.lang.ClassNotFoundException: net/irisshaders/iris/gl/blending/BlendModeOverride)
[02:29:01] [main/WARN]: @Mixin target net.irisshaders.iris.gl.blending.BlendModeOverride was not found colorwheel.mixins.json:iris.BlendModeOverrideMixin from mod colorwheel
[02:29:01] [main/WARN]: Error loading class: net/irisshaders/iris/shaderpack/materialmap/BlockMaterialMapping (java.lang.ClassNotFoundException: net/irisshaders/iris/shaderpack/materialmap/BlockMaterialMapping)
[02:29:01] [main/WARN]: @Mixin target net.irisshaders.iris.shaderpack.materialmap.BlockMaterialMapping was not found colorwheel.mixins.json:iris.BlockMaterialMappingMixin from mod colorwheel
[02:29:01] [main/WARN]: Error loading class: net/irisshaders/iris/Iris (java.lang.ClassNotFoundException: net/irisshaders/iris/Iris)
[02:29:01] [main/WARN]: @Mixin target net.irisshaders.iris.Iris was not found colorwheel.mixins.json:iris.IrisMixin from mod colorwheel
[02:29:01] [main/WARN]: Error loading class: net/irisshaders/iris/pipeline/IrisRenderingPipeline (java.lang.ClassNotFoundException: net/irisshaders/iris/pipeline/IrisRenderingPipeline)
[02:29:01] [main/WARN]: @Mixin target net.irisshaders.iris.pipeline.IrisRenderingPipeline was not found colorwheel.mixins.json:iris.IrisRenderingPipelineMixin from mod colorwheel
[02:29:01] [main/WARN]: Error loading class: net/irisshaders/iris/shaderpack/properties/PackShadowDirectives (java.lang.ClassNotFoundException: net/irisshaders/iris/shaderpack/properties/PackShadowDirectives)
[02:29:01] [main/WARN]: @Mixin target net.irisshaders.iris.shaderpack.properties.PackShadowDirectives was not found colorwheel.mixins.json:iris.PackShadowDirectivesMixin from mod colorwheel
[02:29:01] [main/WARN]: Error loading class: net/irisshaders/iris/shaderpack/properties/ProgramDirectives (java.lang.ClassNotFoundException: net/irisshaders/iris/shaderpack/properties/ProgramDirectives)
[02:29:01] [main/WARN]: @Mixin target net.irisshaders.iris.shaderpack.properties.ProgramDirectives was not found colorwheel.mixins.json:iris.ProgramDirectivesMixin from mod colorwheel
[02:29:01] [main/WARN]: Error loading class: net/irisshaders/iris/shaderpack/programs/ProgramSet (java.lang.ClassNotFoundException: net/irisshaders/iris/shaderpack/programs/ProgramSet)
[02:29:01] [main/WARN]: @Mixin target net.irisshaders.iris.shaderpack.programs.ProgramSet was not found colorwheel.mixins.json:iris.ProgramSetMixin from mod colorwheel
[02:29:01] [main/WARN]: Error loading class: net/irisshaders/iris/shaderpack/programs/ProgramSource (java.lang.ClassNotFoundException: net/irisshaders/iris/shaderpack/programs/ProgramSource)
[02:29:01] [main/WARN]: @Mixin target net.irisshaders.iris.shaderpack.programs.ProgramSource was not found colorwheel.mixins.json:iris.ProgramSourceMixin from mod colorwheel
[02:29:01] [main/WARN]: Error loading class: net/irisshaders/iris/targets/RenderTarget (java.lang.ClassNotFoundException: net/irisshaders/iris/targets/RenderTarget)
[02:29:01] [main/WARN]: @Mixin target net.irisshaders.iris.targets.RenderTarget was not found colorwheel.mixins.json:iris.RenderTargetMixin from mod colorwheel
[02:29:01] [main/WARN]: Error loading class: net/irisshaders/iris/shaderpack/ShaderPack (java.lang.ClassNotFoundException: net/irisshaders/iris/shaderpack/ShaderPack)
[02:29:01] [main/WARN]: @Mixin target net.irisshaders.iris.shaderpack.ShaderPack was not found colorwheel.mixins.json:iris.ShaderPackMixin from mod colorwheel
[02:29:01] [main/WARN]: Error loading class: net/irisshaders/iris/shaderpack/include/ShaderPackSourceNames (java.lang.ClassNotFoundException: net/irisshaders/iris/shaderpack/include/ShaderPackSourceNames)
[02:29:01] [main/WARN]: @Mixin target net.irisshaders.iris.shaderpack.include.ShaderPackSourceNames was not found colorwheel.mixins.json:iris.ShaderPackSourceNamesMixin from mod colorwheel
[02:29:01] [main/WARN]: Error loading class: net/irisshaders/iris/shadows/ShadowRenderer (java.lang.ClassNotFoundException: net/irisshaders/iris/shadows/ShadowRenderer)
[02:29:01] [main/WARN]: @Mixin target net.irisshaders.iris.shadows.ShadowRenderer was not found colorwheel.mixins.json:iris.ShadowRendererMixin from mod colorwheel
[02:29:01] [main/WARN]: Error loading class: net/irisshaders/iris/shadows/ShadowRenderTargets (java.lang.ClassNotFoundException: net/irisshaders/iris/shadows/ShadowRenderTargets)
[02:29:01] [main/WARN]: @Mixin target net.irisshaders.iris.shadows.ShadowRenderTargets was not found colorwheel.mixins.json:iris.ShadowRenderTargetsMixin from mod colorwheel
[02:29:01] [main/WARN]: Error loading class: net/irisshaders/iris/gl/shader/StandardMacros (java.lang.ClassNotFoundException: net/irisshaders/iris/gl/shader/StandardMacros)
[02:29:01] [main/WARN]: @Mixin target net.irisshaders.iris.gl.shader.StandardMacros was not found colorwheel.mixins.json:iris.StandardMacrosMixin from mod colorwheel
[02:29:01] [main/WARN]: Error loading class: dev/ftb/mods/ftbchunks/data/ClaimedChunkManagerImpl (java.lang.ClassNotFoundException: dev/ftb/mods/ftbchunks/data/ClaimedChunkManagerImpl)
[02:29:01] [main/WARN]: @Mixin target dev.ftb.mods.ftbchunks.data.ClaimedChunkManagerImpl was not found mixins.does_it_tick.json:ClaimedChunkManagerAccessor from mod does_it_tick
[02:29:01] [main/INFO]: Loading Faster Random.
[02:29:01] [main/INFO]: Force-disabling mixin 'block.moving_block_shapes.PistonMovingBlockEntityMixin' as rule 'mixin.block.moving_block_shapes' (added by mods [supplementaries]) disables it and children
[02:29:01] [main/INFO]: Force-disabling mixin 'block.moving_block_shapes.VoxelShapeMixin' as rule 'mixin.block.moving_block_shapes' (added by mods [supplementaries]) disables it and children
[02:29:02] [main/WARN]: Error loading class: net/minecraft/class_3494$class_3495 (java.lang.ClassNotFoundException: net/minecraft/class_3494$class_3495)
[02:29:02] [main/WARN]: Error loading class: net/minecraft/class_525 (java.lang.ClassNotFoundException: net/minecraft/class_525)
[02:29:02] [main/WARN]: @Mixin target net.minecraft.class_525 was not found moonlight.mixins.json:CreateWorldScreenMixin from mod moonlight
[02:29:02] [main/WARN]: Error loading class: net/minecraft/class_287 (java.lang.ClassNotFoundException: net/minecraft/class_287)
[02:29:02] [main/WARN]: @Mixin target net.minecraft.class_287 was not found owo.mixins.json:BufferBuilderAccessor from mod owo
[02:29:02] [main/WARN]: Error loading class: net/minecraft/class_437 (java.lang.ClassNotFoundException: net/minecraft/class_437)
[02:29:02] [main/WARN]: @Mixin target net.minecraft.class_437 was not found owo.mixins.json:ScreenAccessor from mod owo
[02:29:02] [main/WARN]: Error loading class: xyz/nucleoid/server/translations/impl/language/SystemDelegatedLanguage (java.lang.ClassNotFoundException: xyz/nucleoid/server/translations/impl/language/SystemDelegatedLanguage)
[02:29:02] [main/WARN]: Disabling fastItemComparison feature, due to the Owo mod's faulty implementation breaking it
[02:29:02] [main/INFO]: Loaded config for: recipeessentials.json
[02:29:02] [main/WARN]: Disabling fastItemComparison feature, due to the Owo mod's faulty implementation breaking it
[02:29:02] [main/WARN]: Disabling fastItemComparison feature, due to the Owo mod's faulty implementation breaking it
[02:29:02] [main/WARN]: Disabling fastItemComparison feature, due to the Owo mod's faulty implementation breaking it
[02:29:02] [main/WARN]: Disabling fastItemComparison feature, due to the Owo mod's faulty implementation breaking it
[02:29:02] [main/WARN]: Disabling fastItemComparison feature, due to the Owo mod's faulty implementation breaking it
[02:29:02] [main/WARN]: Disabling fastItemComparison feature, due to the Owo mod's faulty implementation breaking it
[02:29:02] [main/WARN]: Error loading class: com/nhoryzon/mc/farmersdelight/block/BuddingBushBlock (java.lang.ClassNotFoundException: com/nhoryzon/mc/farmersdelight/block/BuddingBushBlock)
[02:29:02] [main/WARN]: @Mixin target com.nhoryzon.mc.farmersdelight.block.BuddingBushBlock was not found seasonsdelightcompat.mixins.json:BuddingBushBlockMixin from mod seasonsdelightcompat
[02:29:02] [main/WARN]: Error loading class: com/nhoryzon/mc/farmersdelight/block/BuddingTomatoBlock (java.lang.ClassNotFoundException: com/nhoryzon/mc/farmersdelight/block/BuddingTomatoBlock)
[02:29:02] [main/WARN]: @Mixin target com.nhoryzon.mc.farmersdelight.block.BuddingTomatoBlock was not found seasonsdelightcompat.mixins.json:BuddingTomatoBlockMixin from mod seasonsdelightcompat
[02:29:02] [main/WARN]: Error loading class: com/nhoryzon/mc/farmersdelight/block/MushroomColonyBlock (java.lang.ClassNotFoundException: com/nhoryzon/mc/farmersdelight/block/MushroomColonyBlock)
[02:29:02] [main/WARN]: @Mixin target com.nhoryzon.mc.farmersdelight.block.MushroomColonyBlock was not found seasonsdelightcompat.mixins.json:MushroomColonyBlockMixin from mod seasonsdelightcompat
[02:29:02] [main/WARN]: Error loading class: com/nhoryzon/mc/farmersdelight/block/RiceCropBlock (java.lang.ClassNotFoundException: com/nhoryzon/mc/farmersdelight/block/RiceCropBlock)
[02:29:02] [main/WARN]: @Mixin target com.nhoryzon.mc.farmersdelight.block.RiceCropBlock was not found seasonsdelightcompat.mixins.json:RiceCropBlockMixin from mod seasonsdelightcompat
[02:29:02] [main/WARN]: Error loading class: com/nhoryzon/mc/farmersdelight/block/TomatoVineBlock (java.lang.ClassNotFoundException: com/nhoryzon/mc/farmersdelight/block/TomatoVineBlock)
[02:29:02] [main/WARN]: @Mixin target com.nhoryzon.mc.farmersdelight.block.TomatoVineBlock was not found seasonsdelightcompat.mixins.json:TomatoVineBlockMixin from mod seasonsdelightcompat
[02:29:02] [main/WARN]: Error loading class: sereneseasons/season/RandomUpdateHandler (java.lang.ClassNotFoundException: sereneseasons/season/RandomUpdateHandler)
[02:29:02] [main/WARN]: @Mixin target sereneseasons.season.RandomUpdateHandler was not found snowrealmagic.mixins.json:sereneseasons.RandomUpdateHandlerMixin from mod snowrealmagic
[02:29:02] [main/WARN]: Error loading class: net/caffeinemc/mods/sodium/client/render/frapi/render/AbstractBlockRenderContext (java.lang.ClassNotFoundException: net/caffeinemc/mods/sodium/client/render/frapi/render/AbstractBlockRenderContext)
[02:29:02] [main/WARN]: @Mixin target net.caffeinemc.mods.sodium.client.render.frapi.render.AbstractBlockRenderContext was not found mixins.sodiumleafculling.json:AbstractBlockRenderContextAccessor from mod sodiumleafculling
[02:29:02] [main/WARN]: Error loading class: net/caffeinemc/mods/sodium/client/render/chunk/compile/pipeline/BlockOcclusionCache (java.lang.ClassNotFoundException: net/caffeinemc/mods/sodium/client/render/chunk/compile/pipeline/BlockOcclusionCache)
[02:29:02] [main/WARN]: @Mixin target net.caffeinemc.mods.sodium.client.render.chunk.compile.pipeline.BlockOcclusionCache was not found mixins.sodiumleafculling.json:BlockOcclusionCacheMixin from mod sodiumleafculling
[02:29:02] [main/WARN]: @Mixin target net.caffeinemc.mods.sodium.client.render.chunk.compile.pipeline.BlockRenderer was not found mixins.sodiumleafculling.json:BlockRendererMixin from mod sodiumleafculling
[02:29:02] [main/WARN]: Error loading class: net/caffeinemc/mods/sodium/client/gui/SodiumGameOptions$PerformanceSettings (java.lang.ClassNotFoundException: net/caffeinemc/mods/sodium/client/gui/SodiumGameOptions$PerformanceSettings)
[02:29:02] [main/WARN]: @Mixin target net.caffeinemc.mods.sodium.client.gui.SodiumGameOptions$PerformanceSettings was not found mixins.sodiumleafculling.json:PerformanceSettingsMixin from mod sodiumleafculling
[02:29:02] [main/WARN]: Error loading class: net/caffeinemc/mods/sodium/client/gui/SodiumGameOptionPages (java.lang.ClassNotFoundException: net/caffeinemc/mods/sodium/client/gui/SodiumGameOptionPages)
[02:29:02] [main/WARN]: @Mixin target net.caffeinemc.mods.sodium.client.gui.SodiumGameOptionPages was not found mixins.sodiumleafculling.json:SodiumGameOptionPagesMixin from mod sodiumleafculling
[02:29:02] [main/INFO]: Loaded config for: structureessentials.json
[02:29:02] [main/WARN]: Error loading class: me/jellysquid/mods/sodium/client/render/chunk/compile/pipeline/FluidRenderer (java.lang.ClassNotFoundException: me/jellysquid/mods/sodium/client/render/chunk/compile/pipeline/FluidRenderer)
[02:29:02] [main/WARN]: Error loading class: jeresources/api/util/BiomeHelper (java.lang.ClassNotFoundException: jeresources/api/util/BiomeHelper)
[02:29:02] [main/WARN]: Error loading class: yalter/mousetweaks/Main (java.lang.ClassNotFoundException: yalter/mousetweaks/Main)
[02:29:03] [main/WARN]: Error loading class: net/minecraft/class_314 (java.lang.ClassNotFoundException: net/minecraft/class_314)
[02:29:03] [main/WARN]: @Mixin target net.minecraft.class_314 was not found mixins.mm_shedaniel.json:net.minecraft.class_314 from mod mm_shedaniel
[02:29:05] [main/INFO]: Initializing MixinExtras via com.llamalad7.mixinextras.service.MixinExtrasServiceImpl(version=0.5.4).
[02:29:07] [main/INFO]: Loading Generated Config Loaders...
[02:29:07] [main/INFO]: Loaded 'neruina'
[02:29:12] [main/INFO]: Loaded config accessorify:config in 1638ms
[02:29:12] [main/INFO]: Injecting BlockStateBase cache population hook into getOpacityIfCached from ca.spottedleaf.starlight.mixin.common.blockstate.BlockStateBaseMixin
[02:29:12] [main/INFO]: Injecting BlockStateBase cache population hook into isConditionallyFullOpaque from ca.spottedleaf.starlight.mixin.common.blockstate.BlockStateBaseMixin
[02:29:13] [main/WARN]: @Redirect conflict. Skipping mixins.redirected_fabric_1.21.1.json:net.minecraft.world.level.block.piston.PistonBaseBlockMixin from mod redirected->@Redirect::redirectDirections()[Lnet/minecraft/class_2350; with priority 10, already redirected by lithium.mixins.json:alloc.enum_values.piston_block.PistonBaseBlockMixin from mod lithium->@Redirect::removeAllocation()[Lnet/minecraft/class_2350; with priority 1000
[02:29:13] [main/WARN]: @Redirect conflict. Skipping mixins.redirected_fabric_1.21.1.json:net.minecraft.world.level.block.piston.PistonBaseBlockMixin from mod redirected->@Redirect::redirectDirections()[Lnet/minecraft/class_2350; with priority 10, already redirected by lithium.mixins.json:alloc.enum_values.piston_block.PistonBaseBlockMixin from mod lithium->@Redirect::removeAllocation()[Lnet/minecraft/class_2350; with priority 1000
[02:29:13] [main/WARN]: @Redirect conflict. Skipping mixins.redirected_fabric_1.21.1.json:net.minecraft.world.level.block.RedStoneWireBlockMixin from mod redirected->@Redirect::redirectDirections()[Lnet/minecraft/class_2350; with priority 10, already redirected by lithium.mixins.json:alloc.enum_values.redstone_wire.RedStoneWireBlockMixin from mod lithium->@Redirect::removeAllocation1()[Lnet/minecraft/class_2350; with priority 1000
[02:29:13] [main/WARN]: @Redirect conflict. Skipping mixins.redirected_fabric_1.21.1.json:net.minecraft.world.level.block.RedStoneWireBlockMixin from mod redirected->@Redirect::redirectDirections()[Lnet/minecraft/class_2350; with priority 10, already redirected by lithium.mixins.json:alloc.enum_values.redstone_wire.RedStoneWireBlockMixin from mod lithium->@Redirect::removeAllocation2()[Lnet/minecraft/class_2350; with priority 1000
[02:29:15] [main/WARN]: Static binding violation: PRIVATE @Overwrite method method_21740 in modernfix-common.mixins.json:perf.remove_biome_temperature_cache.BiomeMixin from mod modernfix cannot reduce visibiliy of PUBLIC target method, visibility will be upgraded.
[02:29:15] [main/WARN]: Method overwrite conflict for method_21740 in modernfix-common.mixins.json:perf.remove_biome_temperature_cache.BiomeMixin from mod modernfix, previously written by net.caffeinemc.mods.lithium.mixin.world.temperature_cache.BiomeMixin. Skipping method.
[02:29:21] [main/INFO]: Loaded config misctweaks:config in 393ms
[02:29:22] [main/INFO]: Loaded config rewithered:config in 86ms
[02:29:23] [main/INFO]: Vanilla bootstrap took 16159 milliseconds
[02:29:24] [main/INFO]: Processing wover.datapack.registry Entrypoints
[02:29:24] [main/INFO]:     - Processing Entrypoint: org.betterx.wover.entrypoint.BiomeDatapackRegistryEntrypoint
[02:29:24] [main/INFO]:     - Processing Entrypoint: org.betterx.wover.entrypoint.FeatureDatapackRegistryEntrypoint
[02:29:24] [main/INFO]:     - Processing Entrypoint: org.betterx.wover.entrypoint.ItemDatapackRegistryEntrypoint
[02:29:24] [main/INFO]:     - Processing Entrypoint: org.betterx.wover.entrypoint.StructureDatapackRegistryEntrypoint
[02:29:25] [main/INFO]:     - Processing Entrypoint: org.betterx.wover.entrypoint.SurfaceDatapackRegistryEntrypoint
[02:29:25] [main/WARN]: @ModifyConstant conflict. Skipping packetfixer.v1_20_5.fabric.mixins.json:v1_20_5_fabric.ServerCommonPacketListenerImplMixin from mod packetfixer->@ModifyConstant::packetfixer$tick$1(J)J with priority 1000, already redirected by connectivity.mixins.json:ServerPlayNetHandlerMixin from mod connectivity->@ModifyConstant::playTimeout(J)J with priority 1001
[02:29:25] [main/INFO]: Setting up compat modules for Accessories!
[02:29:25] [main/INFO]: Registered Trinkets Reloaded Listeners
[02:29:25] [main/INFO]: Initializing platform helper for Advanced Netherite!
[02:29:25] [main/INFO]: Adventure Dungeons Fabric Made by AlexMega
[02:29:25] [main/INFO]: Hello from Common init on Fabric! we are currently in a production environment!
[02:29:25] [main/INFO]: The ID for diamonds is minecraft:diamond
[02:29:25] [main/INFO]: Hello to adventuredungeons
[02:29:25] [main/ERROR]: Failed to load config 'class net.adventurez.config.AdventureConfig', using default!
me.shedaniel.autoconfig.serializer.ConfigSerializer$SerializationException: me.shedaniel.cloth.clothconfig.shadowed.blue.endless.jankson.api.SyntaxError: Found character ' ' instead of '{' while looking for the start of an object
	at knot/me.shedaniel.autoconfig.serializer.JanksonConfigSerializer.deserialize(JanksonConfigSerializer.java:76) ~[cloth-config-15.0.140-fabric.jar:?]
	at knot/me.shedaniel.autoconfig.ConfigManager.load(ConfigManager.java:92) ~[cloth-config-15.0.140-fabric.jar:?]
	at knot/me.shedaniel.autoconfig.ConfigManager.<init>(ConfigManager.java:53) ~[cloth-config-15.0.140-fabric.jar:?]
	at knot/me.shedaniel.autoconfig.AutoConfig.register(AutoConfig.java:66) ~[cloth-config-15.0.140-fabric.jar:?]
	at knot/net.adventurez.init.ConfigInit.init(ConfigInit.java:11) ~[adventurez-1.5.0.jar:?]
	at knot/net.adventurez.AdventureMain.onInitialize(AdventureMain.java:13) ~[adventurez-1.5.0.jar:?]
	at net.fabricmc.loader.impl.FabricLoaderImpl.invokeEntrypoints(FabricLoaderImpl.java:405) [fabric-loader-0.19.2.jar:?]
	at net.fabricmc.loader.impl.game.minecraft.Hooks.startServer(Hooks.java:63) [fabric-loader-0.19.2.jar:?]
	at knot/net.minecraft.server.Main.main(Main.java:111) [server-intermediary.jar:?]
	at net.fabricmc.loader.impl.game.minecraft.MinecraftGameProvider.launch(MinecraftGameProvider.java:514) [fabric-loader-0.19.2.jar:?]
	at net.fabricmc.loader.impl.launch.knot.Knot.launch(Knot.java:72) [fabric-loader-0.19.2.jar:?]
	at net.fabricmc.loader.impl.launch.knot.KnotServer.main(KnotServer.java:23) [fabric-loader-0.19.2.jar:?]
	at net.fabricmc.loader.impl.launch.server.FabricServerLauncher.main(FabricServerLauncher.java:69) [fabric-loader-0.19.2.jar:?]
	at net.fabricmc.installer.ServerLauncher.main(ServerLauncher.java:69) [fabric-server-launcher.jar:1.1.1]
Caused by: me.shedaniel.cloth.clothconfig.shadowed.blue.endless.jankson.api.SyntaxError: Found character ' ' instead of '{' while looking for the start of an object
	at knot/me.shedaniel.cloth.clothconfig.shadowed.blue.endless.jankson.impl.ObjectParserContext.consume(ObjectParserContext.java:58) ~[cloth-config-15.0.140-fabric.jar:?]
	at knot/me.shedaniel.cloth.clothconfig.shadowed.blue.endless.jankson.Jankson.processCodePoint(Jankson.java:316) ~[cloth-config-15.0.140-fabric.jar:?]
	at knot/me.shedaniel.cloth.clothconfig.shadowed.blue.endless.jankson.Jankson.load(Jankson.java:186) ~[cloth-config-15.0.140-fabric.jar:?]
	at knot/me.shedaniel.cloth.clothconfig.shadowed.blue.endless.jankson.Jankson.load(Jankson.java:79) ~[cloth-config-15.0.140-fabric.jar:?]
	at knot/me.shedaniel.autoconfig.serializer.JanksonConfigSerializer.deserialize(JanksonConfigSerializer.java:74) ~[cloth-config-15.0.140-fabric.jar:?]
	... 13 more
[02:29:27] [main/INFO]: Registered ALI plugin [ali] com.yanny.ali.plugin.Plugin
[02:29:27] [main/INFO]: Registered ALI plugin [aether] com.yanny.ali.plugin.mods.aether.Plugin
[02:29:27] [main/INFO]: Registered ALI plugin [charm] com.yanny.ali.plugin.mods.charm.Plugin
[02:29:27] [main/INFO]: Registered ALI plugin [deeperdarker] com.yanny.ali.plugin.mods.deeper_and_darker.Plugin
[02:29:27] [main/INFO]: Registered ALI plugin [farmersdelight] com.yanny.ali.fabric.plugin.mods.farmers_delight.Plugin
[02:29:27] [main/INFO]: Registered ALI plugin [hybrid-aquatic] com.yanny.ali.plugin.mods.hybrid_aquatic.Plugin
[02:29:27] [main/INFO]: Registered ALI plugin [moonlight] com.yanny.ali.plugin.mods.moonlight.Plugin
[02:29:27] [main/WARN]: Unable to obtain GLM classes: io.github.fabricators_of_create.porting_lib.loot.LootModifier
java.lang.ClassNotFoundException: io.github.fabricators_of_create.porting_lib.loot.LootModifier
	at java.base/jdk.internal.loader.BuiltinClassLoader.loadClass(BuiltinClassLoader.java:641) ~[?:?]
	at java.base/java.lang.ClassLoader.loadClass(ClassLoader.java:526) ~[?:?]
	at net.fabricmc.loader.impl.launch.knot.KnotClassDelegate.loadClass(KnotClassDelegate.java:239) ~[fabric-loader-0.19.2.jar:?]
	at net.fabricmc.loader.impl.launch.knot.KnotClassLoader.loadClass(KnotClassLoader.java:119) ~[fabric-loader-0.19.2.jar:?]
	at java.base/java.lang.ClassLoader.loadClass(ClassLoader.java:526) ~[?:?]
	at java.base/java.lang.Class.forName0(Native Method) ~[?:?]
	at java.base/java.lang.Class.forName(Class.java:421) ~[?:?]
	at java.base/java.lang.Class.forName(Class.java:412) ~[?:?]
	at knot/com.yanny.ali.fabric.plugin.mods.porting_lib.loot.Plugin.<clinit>(Plugin.java:29) ~[AdvancedLootInfo-fabric-1.21.1-1.10.0.jar:?]
	at java.base/java.lang.Class.forName0(Native Method) ~[?:?]
	at java.base/java.lang.Class.forName(Class.java:534) ~[?:?]
	at java.base/java.lang.Class.forName(Class.java:513) ~[?:?]
	at net.fabricmc.loader.impl.util.DefaultLanguageAdapter.create(DefaultLanguageAdapter.java:50) ~[fabric-loader-0.19.2.jar:?]
	at net.fabricmc.loader.impl.entrypoint.EntrypointStorage$NewEntry.getOrCreate(EntrypointStorage.java:124) ~[fabric-loader-0.19.2.jar:?]
	at net.fabricmc.loader.impl.entrypoint.EntrypointContainerImpl.getEntrypoint(EntrypointContainerImpl.java:53) ~[fabric-loader-0.19.2.jar:?]
	at knot/com.yanny.ali.fabric.platform.FabricPlatformHelper.getPlugins(FabricPlatformHelper.java:25) ~[AdvancedLootInfo-fabric-1.21.1-1.10.0.jar:?]
	at knot/com.yanny.ali.manager.PluginManager.getPlugins(PluginManager.java:25) ~[AdvancedLootInfo-fabric-1.21.1-1.10.0.jar:?]
	at knot/com.yanny.aci.manager.CorePluginManager.registerCommonEvent(CorePluginManager.java:51) ~[AdvancedLootInfo-fabric-1.21.1-1.10.0.jar:?]
	at knot/com.yanny.ali.fabric.CommonAliMod.onInitialize(CommonAliMod.java:20) ~[AdvancedLootInfo-fabric-1.21.1-1.10.0.jar:?]
	at net.fabricmc.loader.impl.FabricLoaderImpl.invokeEntrypoints(FabricLoaderImpl.java:405) [fabric-loader-0.19.2.jar:?]
	at net.fabricmc.loader.impl.game.minecraft.Hooks.startServer(Hooks.java:63) [fabric-loader-0.19.2.jar:?]
	at knot/net.minecraft.server.Main.main(Main.java:111) [server-intermediary.jar:?]
	at net.fabricmc.loader.impl.game.minecraft.MinecraftGameProvider.launch(MinecraftGameProvider.java:514) [fabric-loader-0.19.2.jar:?]
	at net.fabricmc.loader.impl.launch.knot.Knot.launch(Knot.java:72) [fabric-loader-0.19.2.jar:?]
	at net.fabricmc.loader.impl.launch.knot.KnotServer.main(KnotServer.java:23) [fabric-loader-0.19.2.jar:?]
	at net.fabricmc.loader.impl.launch.server.FabricServerLauncher.main(FabricServerLauncher.java:69) [fabric-loader-0.19.2.jar:?]
	at net.fabricmc.installer.ServerLauncher.main(ServerLauncher.java:69) [fabric-server-launcher.jar:1.1.1]
[02:29:27] [main/INFO]: Registered ALI plugin [repurposed_structures] com.yanny.ali.plugin.mods.repurposed_structures.Plugin
[02:29:27] [main/INFO]: Registered ALI plugin [sawmill] com.yanny.ali.plugin.mods.sawmill.Plugin
[02:29:27] [main/INFO]: Registered ALI plugin [snowrealmagic] com.yanny.ali.plugin.mods.snow_real_magic.Plugin
[02:29:27] [main/INFO]: Registered ALI plugin [supplementaries] com.yanny.ali.plugin.mods.supplementaries.Plugin
[02:29:27] [main/INFO]: Registered ALI plugin [the_bumblezone] com.yanny.ali.plugin.mods.the_bumblezone.Plugin
[02:29:27] [main/INFO]: Found 12 plugin(s)
[02:29:27] [main/INFO]: Registering common plugin data...
[02:29:27] [main/INFO]: Loading configuration file ./config/ali/ali_common.json
[02:29:28] [main/INFO]: Registered 1 entity variants
[02:29:28] [main/INFO]: Registering common plugin data finished
[02:29:28] [main/INFO]: Loaded config amendments-common.json
[02:29:28] [main/INFO]: [Animal Feeding Trough] Load Complete! Enjoy :D
[02:29:29] [main/INFO]: Constructing common components for barteringstation:main
[02:29:29] [main/INFO]: Better Compatibility Checker starting
[02:29:29] [main/INFO]: Better Compatibility Checker setup
[02:29:29] [main/INFO]: Reflections took 75 ms to scan 1 urls, producing 1 keys and 3 values
[02:29:29] [main/INFO]: Reflections took 7 ms to scan 1 urls, producing 1 keys and 3 values
[02:29:30] [main/INFO]: Applying Betterend Crashed Ship Tweaks
[02:29:30] [main/INFO]: Hello Fabric world!
[02:29:30] [main/INFO]: Reflections took 1 ms to scan 1 urls, producing 1 keys and 2 values
[02:29:30] [main/INFO]: Reflections took 1 ms to scan 1 urls, producing 1 keys and 2 values
[02:29:30] [main/INFO]: Reflections took 3 ms to scan 1 urls, producing 1 keys and 1 values
[02:29:30] [main/INFO]: Reflections took 2 ms to scan 1 urls, producing 1 keys and 1 values
[02:29:30] [main/INFO]: Reflections took 4 ms to scan 1 urls, producing 1 keys and 3 values
[02:29:30] [main/INFO]: Reflections took 2 ms to scan 1 urls, producing 1 keys and 3 values
[02:29:30] [main/INFO]: Reflections took 2 ms to scan 1 urls, producing 1 keys and 2 values
[02:29:30] [main/INFO]: Reflections took 3 ms to scan 1 urls, producing 1 keys and 2 values
[02:29:30] [main/INFO]: =^..^=    BetterNether for 1.21    =^..^=
[02:29:30] [main/INFO]: Reflections took 2 ms to scan 1 urls, producing 1 keys and 1 values
[02:29:30] [main/INFO]: Reflections took 1 ms to scan 1 urls, producing 1 keys and 1 values
[02:29:30] [main/INFO]: Reflections took 2 ms to scan 1 urls, producing 1 keys and 3 values
[02:29:30] [main/INFO]: Reflections took 2 ms to scan 1 urls, producing 1 keys and 3 values
[02:29:30] [main/INFO]: Reflections took 1 ms to scan 1 urls, producing 1 keys and 1 values
[02:29:30] [main/INFO]: Reflections took 2 ms to scan 1 urls, producing 1 keys and 1 values
[02:29:30] [main/INFO]: biomemusic mod initialized
[02:29:32] [main/INFO]: Loading 72 classes for charm
[02:29:32] [main/ERROR]: No data fixer registered for charm:coral_squid
[02:29:32] [main/ERROR]: No data fixer registered for charm:moobloom
[02:29:32] [main/ERROR]: No data fixer registered for charm:chair
[02:29:32] [main/ERROR]: No data fixer registered for charm:endermite_powder
[02:29:32] [main/INFO]: Added 7 custom villager type(s) to Fisherman level 5 trade with PLAINS fallback
[02:29:33] [main/INFO]: Loaded config for: chunksending.json
[02:29:33] [main/INFO]: chunksending mod initialized
[02:29:33] [main/INFO]: Constructing common components for climaterivers:main
[02:29:33] [main/INFO]: Loading Collective version 8.22.
[02:29:33] [main/WARN]: Flywheel is not installed, Colorwheel will be disabled
[02:29:33] [main/INFO]: Connectivity initialized
[02:29:33] [main/INFO]: Constructing common components for convenienteffects:main
[02:29:33] [main/INFO]: Dispatching loading event for config convenienteffects-common.toml
[02:29:33] [main/INFO]: fabric loader environment detected
[02:29:34] [main/INFO]: Discovering Plugins
[02:29:34] [main/INFO]: Discovered 0 plugins
[02:29:34] [main/INFO]: Loaded config for: cupboard.json
[02:29:34] [main/INFO]: Enabled 28 bug fixes: [MC-2025, MC-7569, MC-8187, MC-30391, MC-69216, MC-88371, MC-89146, MC-93018, MC-100991, MC-119417, MC-119754, MC-121706, MC-121903, MC-129909, MC-132878, MC-135971, MC-155509, MC-160095, MC-179072, MC-183990, MC-199467, MC-200418, MC-206922, MC-215530, MC-223153, MC-224729, MC-231743, MC-232869]
[02:29:34] [main/INFO]: Successfully Debugify'd your game!
[02:29:34] [main/ERROR]: No data fixer registered for deeperdarker:angler_fish
[02:29:34] [main/ERROR]: No data fixer registered for deeperdarker:sculk_centipede
[02:29:34] [main/ERROR]: No data fixer registered for deeperdarker:sculk_leech
[02:29:34] [main/ERROR]: No data fixer registered for deeperdarker:sculk_snapper
[02:29:34] [main/ERROR]: No data fixer registered for deeperdarker:shattered
[02:29:34] [main/ERROR]: No data fixer registered for deeperdarker:shriek_worm
[02:29:34] [main/ERROR]: No data fixer registered for deeperdarker:sludge
[02:29:34] [main/ERROR]: No data fixer registered for deeperdarker:stalker
[02:29:34] [main/ERROR]: No data fixer registered for crystallized_amber
[02:29:34] [main/ERROR]: No data fixer registered for sculk_jaw
[02:29:34] [main/INFO]: Loaded DEUF Refabricated Config
[02:29:34] [main/INFO]: Constructing common components for diagonalblocks:main
[02:29:34] [main/INFO]: Constructing common components for diagonalfences:main
[02:29:34] [main/INFO]: Constructing shapes for DiagonalFenceBlock[NodeWidth=2.0,ExtensionWidth=2.0,NodeTop=24.0,ExtensionBottom=0.0,ExtensionTop=24.0] took 45ms
[02:29:35] [main/INFO]: Constructing shapes for DiagonalFenceBlock[NodeWidth=2.0,ExtensionWidth=2.0,NodeTop=16.0,ExtensionBottom=0.0,ExtensionTop=16.0] took 51ms
[02:29:35] [main/INFO]: Constructing shapes for DiagonalFenceBlock[NodeWidth=2.0,ExtensionWidth=1.0,NodeTop=16.0,ExtensionBottom=6.0,ExtensionTop=15.0] took 82ms
[02:29:35] [main/INFO]: Constructing common components for diagonalwalls:main
[02:29:35] [main/INFO]: Constructing shapes for DiagonalWallBlock[NodeWidth=0.0,ExtensionWidth=3.0,NodeTop=24.0,ExtensionBottom=0.0,ExtensionTop=24.0] took 23ms
[02:29:35] [main/INFO]: Constructing shapes for DiagonalWallBlock[NodeWidth=0.0,ExtensionWidth=3.0,NodeTop=0.0,ExtensionBottom=0.0,ExtensionTop=14.0] took 58ms
[02:29:35] [main/INFO]: Constructing shapes for DiagonalWallBlock[NodeWidth=4.0,ExtensionWidth=3.0,NodeTop=16.0,ExtensionBottom=0.0,ExtensionTop=14.0] took 77ms
[02:29:35] [main/INFO]: Constructing shapes for DiagonalWallBlock[NodeWidth=4.0,ExtensionWidth=3.0,NodeTop=24.0,ExtensionBottom=0.0,ExtensionTop=24.0] took 30ms
[02:29:35] [main/INFO]: Disconnect Packet Fix has started.
[02:29:35] [main/INFO]: Loaded config dummmmmmy-common.json
[02:29:35] [main/WARN]: Lithium detected. MmmMmmMmmMmm scarecrow mode might not work well due to a lithium bug (the mod doesnt have a way to add goals to new entities)
[02:29:35] [main/INFO]: Constructing common components for dyedflames:main
[02:29:35] [main/INFO]: Constructing common components for easyanvils:main
[02:29:35] [main/INFO]: Dispatching loading event for config easyanvils-common.toml
[02:29:35] [main/INFO]: Constructing common components for easymagic:main
[02:29:35] [main/INFO]: Dispatching loading event for config easymagic-common.toml
[02:29:35] [main/INFO]: Constructing common components for eternalnether:main
[02:29:35] [main/ERROR]: No data fixer registered for wex
[02:29:35] [main/ERROR]: No data fixer registered for warped_enderman
[02:29:35] [main/ERROR]: No data fixer registered for piglin_prisoner
[02:29:35] [main/ERROR]: No data fixer registered for piglin_hunter
[02:29:35] [main/ERROR]: No data fixer registered for wraither
[02:29:35] [main/ERROR]: No data fixer registered for wither_skeleton_knight
[02:29:35] [main/ERROR]: No data fixer registered for corpor
[02:29:35] [main/ERROR]: No data fixer registered for wither_skeleton_horse
[02:29:35] [main/ERROR]: No data fixer registered for warped_ender_pearl
[02:29:35] [main/INFO]: [Fabrication] Loading of dimensional_tools.ini done in 2.913 ms with 0 warnings
[02:29:35] [main/INFO]: [Fabrication] Loading of item_despawn.ini done in 1.014 ms with 0 warnings
[02:29:35] [main/INFO]: [Fabrication] Loading of fscript.ini done in 666.6 μs with 0 warnings
[02:29:35] [main/INFO]: [Fabrication] Loading of yeet_recipes.ini done in 655.2 μs with 0 warnings
[02:29:35] [main/INFO]: [Fabrication] Loading of taggable_players.ini done in 1.829 ms with 0 warnings
[02:29:36] [main/INFO]: [Fabrication] Loading of gear_components.ini done in 10.28 ms with 0 warnings
[02:29:36] [main/INFO]: Loaded config farmersdelight-common.json
[02:29:36] [main/INFO]: Constructing common components for fastitemframes:main
[02:29:36] [main/INFO]: Reflections took 34 ms to scan 1 urls, producing 2 keys and 9 values
[02:29:36] [main/ERROR]: No data fixer registered for goblin_trader
[02:29:36] [main/ERROR]: No data fixer registered for vein_goblin_trader
[02:29:37] [main/INFO]: Initialized Frostiful!
[02:29:37] [main/INFO]: Registering C2S receiver with id ftbfiltersystem:sync_filter
[02:29:37] [main/INFO]: Registering C2S receiver with id ftblibrary:edit_nbt_response
[02:29:37] [main/INFO]: Registering C2S receiver with id ftblibrary:sync_config_to_server_packet
[02:29:37] [main/INFO]: Registering C2S receiver with id ftbquests:change_chapter_group_message
[02:29:37] [main/INFO]: Registering C2S receiver with id ftbquests:change_progress_message
[02:29:37] [main/INFO]: Registering C2S receiver with id ftbquests:claim_all_rewards_message
[02:29:37] [main/INFO]: Registering C2S receiver with id ftbquests:claim_choice_reward_message
[02:29:37] [main/INFO]: Registering C2S receiver with id ftbquests:claim_reward_message
[02:29:37] [main/INFO]: Registering C2S receiver with id ftbquests:copy_chapter_image_message
[02:29:37] [main/INFO]: Registering C2S receiver with id ftbquests:copy_quest_message
[02:29:37] [main/INFO]: Registering C2S receiver with id ftbquests:create_object_message
[02:29:37] [main/INFO]: Registering C2S receiver with id ftbquests:create_task_at_message
[02:29:37] [main/INFO]: Registering C2S receiver with id ftbquests:delete_object_message
[02:29:37] [main/INFO]: Registering C2S receiver with id ftbquests:edit_object_message
[02:29:37] [main/INFO]: Registering C2S receiver with id ftbquests:force_save_message
[02:29:37] [main/INFO]: Registering C2S receiver with id ftbquests:give_item_to_player
[02:29:37] [main/INFO]: Registering C2S receiver with id ftbquests:get_emergency_items_message
[02:29:37] [main/INFO]: Registering C2S receiver with id ftbquests:move_chapter_group_message
[02:29:37] [main/INFO]: Registering C2S receiver with id ftbquests:move_chapter_message
[02:29:37] [main/INFO]: Registering C2S receiver with id ftbquests:move_movable_message
[02:29:37] [main/INFO]: Registering C2S receiver with id ftbquests:reorder_item
[02:29:37] [main/INFO]: Registering C2S receiver with id ftbquests:request_team_data_message
[02:29:37] [main/INFO]: Registering C2S receiver with id ftbquests:request_translation_table
[02:29:37] [main/INFO]: Registering C2S receiver with id ftbquests:set_custom_image_message
[02:29:37] [main/INFO]: Registering C2S receiver with id ftbquests:submit_task_message
[02:29:37] [main/INFO]: Registering C2S receiver with id ftbquests:sync_structures_request_message
[02:29:37] [main/INFO]: Registering C2S receiver with id ftbquests:sync_translation_to_server
[02:29:37] [main/INFO]: Registering C2S receiver with id ftbquests:block_config_response_message
[02:29:37] [main/INFO]: Registering C2S receiver with id ftbquests:toggle_editing_mode_message
[02:29:37] [main/INFO]: Registering C2S receiver with id ftbquests:toggle_pinned_message
[02:29:37] [main/INFO]: Registering C2S receiver with id ftbteams:open_gui
[02:29:37] [main/INFO]: Registering C2S receiver with id ftbteams:update_properties_request
[02:29:37] [main/INFO]: Registering C2S receiver with id ftbteams:send_message
[02:29:37] [main/INFO]: Registering C2S receiver with id ftbteams:create_party
[02:29:37] [main/INFO]: Registering C2S receiver with id ftbteams:player_gui_operation
[02:29:37] [main/INFO]: Registering C2S receiver with id ftbteams:toggle_chat_redirection
[02:29:37] [main/INFO]: Is initializing.
[02:29:37] [main/INFO]: Has successfully been initialized.
[02:29:38] [main/ERROR]: No data fixer registered for biomesoplenty:boat
[02:29:38] [main/ERROR]: No data fixer registered for biomesoplenty:chest_boat
[02:29:38] [main/ERROR]: No data fixer registered for anomaly
[02:29:38] [main/ERROR]: No data fixer registered for handcrafted
[02:29:38] [main/INFO]: Initialized horse-breeding-fix!
[02:29:38] [main/INFO]: Initializing Hybrid Aquatic
[02:29:38] [main/INFO]: Hybrid Aquatic loaded.
[02:29:38] [main/ERROR]: No data fixer registered for african_butterflyfish
[02:29:38] [main/ERROR]: No data fixer registered for damselfish
[02:29:38] [main/ERROR]: No data fixer registered for flying_fish
[02:29:38] [main/ERROR]: No data fixer registered for anglerfish
[02:29:38] [main/ERROR]: No data fixer registered for snailfish
[02:29:38] [main/ERROR]: No data fixer registered for barreleye
[02:29:38] [main/ERROR]: No data fixer registered for barracuda
[02:29:38] [main/ERROR]: No data fixer registered for betta
[02:29:38] [main/ERROR]: No data fixer registered for pearlfish
[02:29:38] [main/ERROR]: No data fixer registered for stingray
[02:29:38] [main/ERROR]: No data fixer registered for manta_ray
[02:29:38] [main/ERROR]: No data fixer registered for parrotfish
[02:29:38] [main/ERROR]: No data fixer registered for wrasse
[02:29:38] [main/ERROR]: No data fixer registered for surgeonfish
[02:29:38] [main/ERROR]: No data fixer registered for clownfish
[02:29:39] [main/ERROR]: No data fixer registered for boxfish
[02:29:39] [main/ERROR]: No data fixer registered for discus
[02:29:39] [main/ERROR]: No data fixer registered for dragonfish
[02:29:39] [main/ERROR]: No data fixer registered for flashlight_fish
[02:29:39] [main/ERROR]: No data fixer registered for squirrelfish
[02:29:39] [main/ERROR]: No data fixer registered for goldfish
[02:29:39] [main/ERROR]: No data fixer registered for carp
[02:29:39] [main/ERROR]: No data fixer registered for trout
[02:29:39] [main/ERROR]: No data fixer registered for sunfish
[02:29:39] [main/ERROR]: No data fixer registered for shiner
[02:29:39] [main/ERROR]: No data fixer registered for gourami
[02:29:39] [main/ERROR]: No data fixer registered for pleco
[02:29:39] [main/ERROR]: No data fixer registered for lionfish
[02:29:39] [main/ERROR]: No data fixer registered for mahi
[02:29:39] [main/ERROR]: No data fixer registered for moray_eel
[02:29:39] [main/ERROR]: No data fixer registered for needlefish
[02:29:39] [main/ERROR]: No data fixer registered for mackerel
[02:29:39] [main/ERROR]: No data fixer registered for herring
[02:29:39] [main/ERROR]: No data fixer registered for oscar
[02:29:39] [main/ERROR]: No data fixer registered for opah
[02:29:39] [main/ERROR]: No data fixer registered for piranha
[02:29:39] [main/ERROR]: No data fixer registered for ratfish
[02:29:39] [main/ERROR]: No data fixer registered for rockfish
[02:29:39] [main/ERROR]: No data fixer registered for sea_bass
[02:29:39] [main/ERROR]: No data fixer registered for john_dory
[02:29:39] [main/ERROR]: No data fixer registered for sea_angel
[02:29:39] [main/ERROR]: No data fixer registered for seahorse
[02:29:39] [main/ERROR]: No data fixer registered for seadragon
[02:29:39] [main/ERROR]: No data fixer registered for stonefish
[02:29:39] [main/ERROR]: No data fixer registered for ocean_sunfish
[02:29:39] [main/ERROR]: No data fixer registered for tetra
[02:29:39] [main/ERROR]: No data fixer registered for pupfish
[02:29:39] [main/ERROR]: No data fixer registered for tiger_barb
[02:29:39] [main/ERROR]: No data fixer registered for blowfish
[02:29:39] [main/ERROR]: No data fixer registered for triggerfish
[02:29:39] [main/ERROR]: No data fixer registered for tuna
[02:29:39] [main/ERROR]: No data fixer registered for golden_dorado
[02:29:39] [main/ERROR]: No data fixer registered for oarfish
[02:29:39] [main/ERROR]: No data fixer registered for coelacanth
[02:29:39] [main/ERROR]: No data fixer registered for danio
[02:29:39] [main/ERROR]: No data fixer registered for arrow_squid
[02:29:39] [main/ERROR]: No data fixer registered for firefly_squid
[02:29:39] [main/ERROR]: No data fixer registered for cuttlefish
[02:29:39] [main/ERROR]: No data fixer registered for octopus
[02:29:39] [main/ERROR]: No data fixer registered for vampire_squid
[02:29:39] [main/ERROR]: No data fixer registered for umbrella_octopus
[02:29:39] [main/ERROR]: No data fixer registered for nautilus
[02:29:39] [main/ERROR]: No data fixer registered for coconut_crab
[02:29:39] [main/ERROR]: No data fixer registered for dungeness_crab
[02:29:39] [main/ERROR]: No data fixer registered for crayfish
[02:29:39] [main/ERROR]: No data fixer registered for fiddler_crab
[02:29:39] [main/ERROR]: No data fixer registered for flower_crab
[02:29:39] [main/ERROR]: No data fixer registered for ghost_crab
[02:29:39] [main/ERROR]: No data fixer registered for hermit_crab
[02:29:39] [main/ERROR]: No data fixer registered for horseshoe_crab
[02:29:39] [main/ERROR]: No data fixer registered for lightfoot_crab
[02:29:39] [main/ERROR]: No data fixer registered for decorator_crab
[02:29:39] [main/ERROR]: No data fixer registered for lobster
[02:29:39] [main/ERROR]: No data fixer registered for shrimp
[02:29:39] [main/ERROR]: No data fixer registered for vampire_crab
[02:29:39] [main/ERROR]: No data fixer registered for spider_crab
[02:29:39] [main/ERROR]: No data fixer registered for yeti_crab
[02:29:39] [main/ERROR]: No data fixer registered for giant_isopod
[02:29:39] [main/ERROR]: No data fixer registered for karkinos
[02:29:39] [main/ERROR]: No data fixer registered for karcinogen
[02:29:39] [main/ERROR]: No data fixer registered for karcinoma
[02:29:39] [main/ERROR]: No data fixer registered for sea_slug
[02:29:39] [main/ERROR]: No data fixer registered for sea_cucumber
[02:29:39] [main/ERROR]: No data fixer registered for sea_urchin
[02:29:39] [main/ERROR]: No data fixer registered for starfish
[02:29:39] [main/ERROR]: No data fixer registered for crown_jellyfish
[02:29:39] [main/ERROR]: No data fixer registered for big_red_jellyfish
[02:29:39] [main/ERROR]: No data fixer registered for cosmic_jellyfish
[02:29:39] [main/ERROR]: No data fixer registered for firework_jellyfish
[02:29:39] [main/ERROR]: No data fixer registered for barrel_jellyfish
[02:29:39] [main/ERROR]: No data fixer registered for box_jellyfish
[02:29:39] [main/ERROR]: No data fixer registered for blue_jellyfish
[02:29:39] [main/ERROR]: No data fixer registered for cepheidae_jellyfish
[02:29:39] [main/ERROR]: No data fixer registered for lions_mane_jellyfish
[02:29:39] [main/ERROR]: No data fixer registered for mauve_stinger
[02:29:39] [main/ERROR]: No data fixer registered for moon_jellyfish
[02:29:39] [main/ERROR]: No data fixer registered for nomura_jellyfish
[02:29:39] [main/ERROR]: No data fixer registered for sea_nettle
[02:29:39] [main/ERROR]: No data fixer registered for basking_shark
[02:29:39] [main/ERROR]: No data fixer registered for bull_shark
[02:29:39] [main/ERROR]: No data fixer registered for frilled_shark
[02:29:39] [main/ERROR]: No data fixer registered for hound_shark
[02:29:39] [main/ERROR]: No data fixer registered for lantern_shark
[02:29:39] [main/ERROR]: No data fixer registered for great_white_shark
[02:29:39] [main/ERROR]: No data fixer registered for hammerhead_shark
[02:29:39] [main/ERROR]: No data fixer registered for thresher_shark
[02:29:39] [main/ERROR]: No data fixer registered for tiger_shark
[02:29:39] [main/ERROR]: No data fixer registered for whale_shark
[02:29:39] [main/ERROR]: No data fixer registered for otter
[02:29:39] [main/INFO]: Loading Hybrid Aquatic config file
[02:29:39] [main/INFO]: Constructing common components for illagerinvasion:main
[02:29:40] [main/ERROR]: No data fixer registered for provoker
[02:29:40] [main/ERROR]: No data fixer registered for invoker
[02:29:40] [main/ERROR]: No data fixer registered for necromancer
[02:29:40] [main/ERROR]: No data fixer registered for basher
[02:29:40] [main/ERROR]: No data fixer registered for sorcerer
[02:29:40] [main/ERROR]: No data fixer registered for archivist
[02:29:40] [main/ERROR]: No data fixer registered for inquisitor
[02:29:40] [main/ERROR]: No data fixer registered for marauder
[02:29:40] [main/ERROR]: No data fixer registered for alchemist
[02:29:40] [main/ERROR]: No data fixer registered for firecaller
[02:29:40] [main/ERROR]: No data fixer registered for surrendered
[02:29:40] [main/ERROR]: No data fixer registered for skull_bolt
[02:29:40] [main/ERROR]: No data fixer registered for hatchet
[02:29:40] [main/ERROR]: No data fixer registered for invoker_fangs
[02:29:40] [main/ERROR]: No data fixer registered for flying_magma
[02:29:40] [main/INFO]: Initializing JamLib on Fabric
[02:29:40] [main/INFO]: [KONKRETE] Loading v1.9.9 in server-side mode on FABRIC!
[02:29:40] [main/INFO]: ---------------------------
[02:29:40] [main/INFO]: KONKRETE SHIPS AND USES THE FOLLOWING LIBRARIES:
[02:29:40] [main/INFO]:  
[02:29:40] [main/INFO]: Open Imaging Copyright © 2014 Dhyan Blum.
[02:29:40] [main/INFO]: Open Imaging is licensed under Apache-2.0.
[02:29:40] [main/INFO]:  
[02:29:40] [main/INFO]: JsonPath Copyright © 2017 Jayway.
[02:29:40] [main/INFO]: JsonPath is licensed under Apache-2.0.
[02:29:40] [main/INFO]:  
[02:29:40] [main/INFO]: Json-smart Copyright © netplex.
[02:29:40] [main/INFO]: Json-smart is licensed under Apache-2.0.
[02:29:40] [main/INFO]:  
[02:29:40] [main/INFO]: Exp4j Copyright © Frank Asseg.
[02:29:40] [main/INFO]: Exp4j is licensed under Apache-2.0. https://github.com/fasseg/exp4j
[02:29:40] [main/INFO]: ---------------------------
[02:29:40] [main/INFO]: [KONKRETE] Server-side modules initialized and ready to use!
[02:29:40] [main/INFO]: Compression will use libdeflate (Linux x86_64), encryption will use OpenSSL 3.0.x (Linux x86_64)
[02:29:40] [main/INFO]: Leaderboards registered (9 entries + 73 vanilla stats)
[02:29:40] [main/INFO]: Constructing common components for leavesbegone:main
[02:29:40] [main/INFO]: Constructing common components for limitlesscontainers:main
[02:29:40] [main/INFO]: Constructing common components for magnumtorch:main
[02:29:40] [main/INFO]: Initializing MapDistanceFix v1.1.1+mc1.21-1.21.11 (Fabric)
[02:29:40] [main/INFO]: MapDistanceFix initialized successfully!
[02:29:40] [main/WARN]: [MELODY] Disabling Melody since it's loaded server-side.
[02:29:40] [main/INFO]: Loaded config for: memorysettings.json
[02:29:40] [main/WARN]: You have more more memory allocated than recommended for your system, the recommended amount for your system is: 4000 mb.

[02:29:40] [main/INFO]: Definitely not up to no good
[02:29:40] [main/INFO]: Definitely not up to no good
[02:29:40] [main/INFO]: [STDOUT]: found type, is TWO
[02:29:40] [main/INFO]: [STDOUT]: [Modpack Update Checker] Loaded configuration file.
[02:29:41] [main/INFO]: [STDERR]: [Modpack Update Checker] Error fetching online info!
[02:29:41] [main/INFO]: [STDERR]: com.google.gson.JsonSyntaxException: Expected a com.google.gson.JsonObject but was com.google.gson.JsonPrimitive; at path $
[02:29:41] [main/INFO]: [STDERR]: 	at knot//com.google.gson.internal.bind.TypeAdapters$34$1.read(TypeAdapters.java:1010)
[02:29:41] [main/INFO]: [STDERR]: 	at knot//com.google.gson.Gson.fromJson(Gson.java:1227)
[02:29:41] [main/INFO]: [STDERR]: 	at knot//com.google.gson.Gson.fromJson(Gson.java:1137)
[02:29:41] [main/INFO]: [STDERR]: 	at knot//com.google.gson.Gson.fromJson(Gson.java:1047)
[02:29:41] [main/INFO]: [STDERR]: 	at knot//com.google.gson.Gson.fromJson(Gson.java:982)
[02:29:41] [main/INFO]: [STDERR]: 	at knot//com.jab125.mpuc.util.OnlineInfo.create2(OnlineInfo.java:112)
[02:29:41] [main/INFO]: [STDERR]: 	at knot//com.jab125.mpuc.util.OnlineInfo.create(OnlineInfo.java:54)
[02:29:41] [main/INFO]: [STDERR]: 	at knot//com.jab125.mpuc.Mpuc.fetchOnlineInfo(Mpuc.java:109)
[02:29:41] [main/INFO]: [STDERR]: 	at knot//com.jab125.mpuc.Mpuc.onInitialize(Mpuc.java:76)
[02:29:41] [main/INFO]: [STDERR]: 	at net.fabricmc.loader.impl.FabricLoaderImpl.invokeEntrypoints(FabricLoaderImpl.java:405)
[02:29:41] [main/INFO]: [STDERR]: 	at net.fabricmc.loader.impl.game.minecraft.Hooks.startServer(Hooks.java:63)
[02:29:41] [main/INFO]: [STDERR]: 	at knot//net.minecraft.server.Main.main(Main.java:111)
[02:29:41] [main/INFO]: [STDERR]: 	at net.fabricmc.loader.impl.game.minecraft.MinecraftGameProvider.launch(MinecraftGameProvider.java:514)
[02:29:41] [main/INFO]: [STDERR]: 	at net.fabricmc.loader.impl.launch.knot.Knot.launch(Knot.java:72)
[02:29:41] [main/INFO]: [STDERR]: 	at net.fabricmc.loader.impl.launch.knot.KnotServer.main(KnotServer.java:23)
[02:29:41] [main/INFO]: [STDERR]: 	at net.fabricmc.loader.impl.launch.server.FabricServerLauncher.main(FabricServerLauncher.java:69)
[02:29:41] [main/INFO]: [STDERR]: 	at net.fabricmc.installer.ServerLauncher.main(ServerLauncher.java:69)
[02:29:41] [main/INFO]: Loaded config moonlight-common.json
[02:29:41] [main/INFO]: More Villagers blocks registered: com.frikinjay.morevillagers.platform.fabric.CommonPlatformHelperImpl$$Lambda/0x00007fabcdef3b80@672a23bf,com.frikinjay.morevillagers.platform.fabric.CommonPlatformHelperImpl$$Lambda/0x00007fabcdef3b80@201cdd5a,com.frikinjay.morevillagers.platform.fabric.CommonPlatformHelperImpl$$Lambda/0x00007fabcdef3b80@57ab76a5,com.frikinjay.morevillagers.platform.fabric.CommonPlatformHelperImpl$$Lambda/0x00007fabcdef3b80@512574f2,com.frikinjay.morevillagers.platform.fabric.CommonPlatformHelperImpl$$Lambda/0x00007fabcdef3b80@67a492b2,com.frikinjay.morevillagers.platform.fabric.CommonPlatformHelperImpl$$Lambda/0x00007fabcdef3b80@21947511,com.frikinjay.morevillagers.platform.fabric.CommonPlatformHelperImpl$$Lambda/0x00007fabcdef3b80@2d8631d8,com.frikinjay.morevillagers.platform.fabric.CommonPlatformHelperImpl$$Lambda/0x00007fabcdef3b80@577e527e,com.frikinjay.morevillagers.platform.fabric.CommonPlatformHelperImpl$$Lambda/0x00007fabcdef3b80@148c6b21,com.frikinjay.morevillagers.platform.fabric.CommonPlatformHelperImpl$$Lambda/0x00007fabcdef3b80@1632b85c,com.frikinjay.morevillagers.platform.fabric.CommonPlatformHelperImpl$$Lambda/0x00007fabcdef3b80@a2643b3
[02:29:41] [main/INFO]: More Villagers block entities registered: com.frikinjay.morevillagers.platform.fabric.CommonPlatformHelperImpl$$Lambda/0x00007fabcdef6b08@3684de5b
[02:29:41] [main/INFO]: [STDOUT]: Registered Resource Key for biome: sugi_forest
[02:29:41] [main/INFO]: [STDOUT]: Registered Resource Key for biome: windswept_sugi_forest
[02:29:41] [main/INFO]: [STDOUT]: Registered Resource Key for biome: blooming_sugi_forest
[02:29:41] [main/INFO]: [STDOUT]: Registered Resource Key for biome: lavender_fields
[02:29:41] [main/INFO]: [STDOUT]: Registered Resource Key for biome: marsh
[02:29:41] [main/INFO]: [STDOUT]: Registered Resource Key for biome: bamboo_wetlands
[02:29:41] [main/INFO]: [STDOUT]: Registered Resource Key for biome: wisteria_forest
[02:29:41] [main/INFO]: [STDOUT]: Registered Resource Key for biome: redwood_forest
[02:29:41] [main/INFO]: [STDOUT]: Registered Resource Key for biome: snowy_redwood_forest
[02:29:41] [main/INFO]: [STDOUT]: Registered Resource Key for biome: aspen_forest
[02:29:41] [main/INFO]: [STDOUT]: Registered Resource Key for biome: maple_woodlands
[02:29:41] [main/INFO]: [STDOUT]: Registered Resource Key for biome: golden_wilds
[02:29:41] [main/INFO]: [STDOUT]: Registered Resource Key for biome: marigold_meadows
[02:29:41] [main/INFO]: [STDOUT]: Registered Resource Key for biome: fir_forest
[02:29:41] [main/INFO]: [STDOUT]: Registered Resource Key for biome: snowy_fir_forest
[02:29:41] [main/INFO]: [STDOUT]: Registered Resource Key for biome: cypress_fields
[02:29:41] [main/INFO]: [STDOUT]: Registered Resource Key for biome: carnation_fields
[02:29:41] [main/INFO]: [STDOUT]: Registered Resource Key for biome: stratified_desert
[02:29:41] [main/INFO]: [STDOUT]: Registered Resource Key for biome: blooming_dunes
[02:29:41] [main/INFO]: [STDOUT]: Registered Resource Key for biome: lively_dunes
[02:29:41] [main/INFO]: [STDOUT]: Registered Resource Key for biome: drylands
[02:29:41] [main/INFO]: [STDOUT]: Registered Resource Key for biome: wooded_drylands
[02:29:41] [main/INFO]: [STDOUT]: Registered Resource Key for biome: xeric_plains
[02:29:41] [main/INFO]: [STDOUT]: Registered Resource Key for biome: cedar_thicket
[02:29:41] [main/INFO]: [STDOUT]: Registered Resource Key for biome: white_cliffs
[02:29:41] [main/INFO]: [STDOUT]: Registered Resource Key for biome: prairie
[02:29:41] [main/INFO]: [STDOUT]: Registered Resource Key for biome: oak_savanna
[02:29:41] [main/INFO]: [STDOUT]: Registered Resource Key for biome: heather_fields
[02:29:41] [main/INFO]: [STDOUT]: Registered Resource Key for biome: tundra
[02:29:41] [main/INFO]: [STDOUT]: Registered Resource Key for biome: alpine_clearings
[02:29:41] [main/INFO]: [STDOUT]: Registered Resource Key for biome: alpine_highlands
[02:29:41] [main/INFO]: [STDOUT]: Registered Resource Key for biome: coniferous_covert
[02:29:41] [main/INFO]: [STDOUT]: Registered Resource Key for biome: boreal_taiga
[02:29:41] [main/INFO]: [STDOUT]: Registered Resource Key for biome: tropical_shores
[02:29:41] [main/INFO]: [STDOUT]: Registered Resource Key for biome: tropical_woods
[02:29:41] [main/INFO]: [STDOUT]: Registered Resource Key for biome: sparse_tropical_woods
[02:29:41] [main/INFO]: [STDOUT]: Registered Resource Key for biome: tropical_basin
[02:29:41] [main/INFO]: [STDOUT]: Registered Resource Key for biome: arid_savanna
[02:29:41] [main/INFO]: [STDOUT]: Registered Resource Key for biome: scorched_dunes
[02:29:41] [main/INFO]: [STDOUT]: Registered Resource Key for biome: flowering_shrubland
[02:29:41] [main/INFO]: [STDOUT]: Registered Resource Key for biome: shrubland
[02:29:41] [main/INFO]: [STDOUT]: Registered Resource Key for biome: arid_highlands
[02:29:41] [main/INFO]: [STDOUT]: Registered Resource Key for biome: shrubby_highlands
[02:29:41] [main/INFO]: [STDOUT]: Registered Resource Key for biome: woody_highlands
[02:29:41] [main/INFO]: [STDOUT]: Registered Resource Key for biome: red_peaks
[02:29:41] [main/INFO]: [STDOUT]: Registered Resource Key for biome: dusty_slopes
[02:29:41] [main/INFO]: [STDOUT]: Registered Resource Key for biome: snowcapped_red_peaks
[02:29:41] [main/INFO]: [STDOUT]: Registered Resource Key for biome: sleeted_slopes
[02:29:41] [main/INFO]: [STDOUT]: Registered Resource Key for biome: blooming_highlands
[02:29:41] [main/INFO]: [STDOUT]: Registered Resource Key for biome: chaparral
[02:29:41] [main/INFO]: [STDOUT]: Registered Resource Key for biome: floral_ridges
[02:29:41] [main/INFO]: Constructing common components for netherchested:main
[02:29:41] [main/INFO]: I think that's not the only reason Spectrum isn't compatible with Quilt
[02:29:42] [main/WARN]: DID NOT bootstrap VanillaRegistries.
[02:29:43] [main/ERROR]: Failed to load book betternether:betternether_book defined by mod betternether, skipping
java.lang.IllegalArgumentException: Book betternether:betternether_book has use_resource_pack set to false. This behaviour was removed in 1.20. The book author should enable this flag and move all book contents clientside to /assets/, leaving the book.json in /data/. See https://vazkiimods.github.io/Patchouli/docs/upgrading/upgrade-guide-120 for details.
	at knot/vazkii.patchouli.common.book.Book.<init>(Book.java:146) ~[Patchouli-1.21-87-FABRIC.jar:?]
	at knot/vazkii.patchouli.common.book.BookRegistry.loadBook(BookRegistry.java:90) ~[Patchouli-1.21-87-FABRIC.jar:?]
	at knot/vazkii.patchouli.common.book.BookRegistry.lambda$init$3(BookRegistry.java:75) ~[Patchouli-1.21-87-FABRIC.jar:?]
	at java.base/java.util.HashMap.forEach(HashMap.java:1429) ~[?:?]
	at knot/vazkii.patchouli.common.book.BookRegistry.init(BookRegistry.java:70) ~[Patchouli-1.21-87-FABRIC.jar:?]
	at knot/vazkii.patchouli.fabric.common.FabricModInitializer.onInitialize(FabricModInitializer.java:42) ~[Patchouli-1.21-87-FABRIC.jar:?]
	at net.fabricmc.loader.impl.FabricLoaderImpl.invokeEntrypoints(FabricLoaderImpl.java:405) [fabric-loader-0.19.2.jar:?]
	at net.fabricmc.loader.impl.game.minecraft.Hooks.startServer(Hooks.java:63) [fabric-loader-0.19.2.jar:?]
	at knot/net.minecraft.server.Main.main(Main.java:111) [server-intermediary.jar:?]
	at net.fabricmc.loader.impl.game.minecraft.MinecraftGameProvider.launch(MinecraftGameProvider.java:514) [fabric-loader-0.19.2.jar:?]
	at net.fabricmc.loader.impl.launch.knot.Knot.launch(Knot.java:72) [fabric-loader-0.19.2.jar:?]
	at net.fabricmc.loader.impl.launch.knot.KnotServer.main(KnotServer.java:23) [fabric-loader-0.19.2.jar:?]
	at net.fabricmc.loader.impl.launch.server.FabricServerLauncher.main(FabricServerLauncher.java:69) [fabric-loader-0.19.2.jar:?]
	at net.fabricmc.installer.ServerLauncher.main(ServerLauncher.java:69) [fabric-server-launcher.jar:1.1.1]
[02:29:43] [main/ERROR]: Failed to load book betterend:guidebook defined by mod betterend, skipping
java.lang.IllegalArgumentException: Book betterend:guidebook has use_resource_pack set to false. This behaviour was removed in 1.20. The book author should enable this flag and move all book contents clientside to /assets/, leaving the book.json in /data/. See https://vazkiimods.github.io/Patchouli/docs/upgrading/upgrade-guide-120 for details.
	at knot/vazkii.patchouli.common.book.Book.<init>(Book.java:146) ~[Patchouli-1.21-87-FABRIC.jar:?]
	at knot/vazkii.patchouli.common.book.BookRegistry.loadBook(BookRegistry.java:90) ~[Patchouli-1.21-87-FABRIC.jar:?]
	at knot/vazkii.patchouli.common.book.BookRegistry.lambda$init$3(BookRegistry.java:75) ~[Patchouli-1.21-87-FABRIC.jar:?]
	at java.base/java.util.HashMap.forEach(HashMap.java:1429) ~[?:?]
	at knot/vazkii.patchouli.common.book.BookRegistry.init(BookRegistry.java:70) ~[Patchouli-1.21-87-FABRIC.jar:?]
	at knot/vazkii.patchouli.fabric.common.FabricModInitializer.onInitialize(FabricModInitializer.java:42) ~[Patchouli-1.21-87-FABRIC.jar:?]
	at net.fabricmc.loader.impl.FabricLoaderImpl.invokeEntrypoints(FabricLoaderImpl.java:405) [fabric-loader-0.19.2.jar:?]
	at net.fabricmc.loader.impl.game.minecraft.Hooks.startServer(Hooks.java:63) [fabric-loader-0.19.2.jar:?]
	at knot/net.minecraft.server.Main.main(Main.java:111) [server-intermediary.jar:?]
	at net.fabricmc.loader.impl.game.minecraft.MinecraftGameProvider.launch(MinecraftGameProvider.java:514) [fabric-loader-0.19.2.jar:?]
	at net.fabricmc.loader.impl.launch.knot.Knot.launch(Knot.java:72) [fabric-loader-0.19.2.jar:?]
	at net.fabricmc.loader.impl.launch.knot.KnotServer.main(KnotServer.java:23) [fabric-loader-0.19.2.jar:?]
	at net.fabricmc.loader.impl.launch.server.FabricServerLauncher.main(FabricServerLauncher.java:69) [fabric-loader-0.19.2.jar:?]
	at net.fabricmc.installer.ServerLauncher.main(ServerLauncher.java:69) [fabric-server-launcher.jar:1.1.1]
[02:29:43] [main/INFO]: [Ping-Wheel] Init
[02:29:43] [main/INFO]: [Ping-Wheel] Loaded ServerConfig(defaultChannelMode=auto, playerTrackingEnabled=true, msToRegenerate=1000, rateLimit=5)
[02:29:43] [main/INFO]: Constructing common components for puzzleslib:main
[02:29:43] [main/INFO]: Updated config file at /workspaces/painful_time/BetterMC/config/rightclickharvest.json5
[02:29:43] [main/INFO]: Initializing Right Click Harvest on FABRIC
[02:29:44] [main/INFO]: Loaded config sawmill-common.json
[02:29:44] [main/INFO]: [Fabric Seasons] Trying to read config file...
[02:29:44] [main/INFO]: [Fabric Seasons] A config file was found, loading it..
[02:29:44] [main/INFO]: [Fabric Seasons] Successfully loaded config file.
[02:29:44] [main/INFO]: [Fabric Seasons] Successfully loaded seasonsdelightcompat 1.0 for farmersdelight 1.3.9
[02:29:44] [main/INFO]: Constructing common components for skeletonaifix:main
[02:29:44] [main/INFO]: Creating asynchronous mapping cache executor...
[02:29:44] [Mappings Cache Thread #1/INFO]: Verifying cache of yarn mappings...
[02:29:44] [Mappings Cache Thread #1/INFO]: Latest build for yarn is already cached (17 hour(s) ago, refresh in 31 hour(s))
[02:29:44] [Mappings Cache Thread #1/INFO]: Mappings for yarn build 1.21.1+build.3 are already downloaded
[02:29:44] [Mappings Cache Thread #1/INFO]: Verified cache of yarn mappings (took 11ms)
[02:29:44] [Mappings Cache Thread #1/INFO]: Parsing yarn mappings...
[02:29:44] [main/INFO]: Constructing common components for stoneworks:main
[02:29:44] [main/INFO]: Dispatching loading event for config stoneworks-common.toml
[02:29:45] [Mappings Cache Thread #1/INFO]: Parsed yarn mappings (took 806ms)
[02:29:45] [Mappings Cache Thread #1/INFO]: Caching yarn mappings...
[02:29:45] [Mappings Cache Thread #1/INFO]: Cached yarn mappings (took 147ms)
[02:29:45] [Mappings Cache Thread #1/INFO]: Cached mappings have been built (took 987ms)
[02:29:45] [Mappings Cache Thread #1/INFO]:   Classes: 7535
[02:29:45] [Mappings Cache Thread #1/INFO]:   Methods: 27638
[02:29:45] [Mappings Cache Thread #1/INFO]:   Fields: 32194
[02:29:45] [Thread-14/INFO]: Shutting down asynchronous mapping cache executor...
[02:29:45] [Thread-14/INFO]: Injecting into root logger...
[02:29:46] [main/INFO]: structureessentials mod initialized
[02:29:46] [main/INFO]: Loaded config supplementaries-common.json
[02:29:47] [main/INFO]: Deserializing ItTakesPillageConfig from 'config/takesapillage.json'
[02:29:47] [main/INFO]: Registered region minecraft:overworld to index 0 for type OVERWORLD
[02:29:47] [main/INFO]: Registered region minecraft:nether to index 0 for type NETHER
[02:29:47] [main/INFO]: Registered region biomesoplenty:overworld_primary to index 1 for type OVERWORLD
[02:29:47] [main/INFO]: Registered region biomesoplenty:overworld_secondary to index 2 for type OVERWORLD
[02:29:47] [main/INFO]: Registered region biomesoplenty:overworld_rare to index 3 for type OVERWORLD
[02:29:47] [main/INFO]: Registered region biomesoplenty:nether_common to index 1 for type NETHER
[02:29:47] [main/INFO]: Registered region biomesoplenty:nether_rare to index 2 for type NETHER
[02:29:47] [main/INFO]: Registered region natures_spirit:terra_ferax to index 4 for type OVERWORLD
[02:29:47] [main/INFO]: Registered region natures_spirit:terra_solaris to index 5 for type OVERWORLD
[02:29:47] [main/INFO]: Registered region natures_spirit:terra_flava to index 6 for type OVERWORLD
[02:29:47] [main/INFO]: Registered region natures_spirit:terra_mater to index 7 for type OVERWORLD
[02:29:47] [main/INFO]: Registered region natures_spirit:terra_laeta to index 8 for type OVERWORLD
[02:29:47] [main/INFO]: Registered region vanillabackport:overworld to index 9 for type OVERWORLD
[02:29:47] [main/INFO]: Creating environment manager EnvironmentManager{controller=com.github.thedeathlycow.thermoo.api.temperature.EmptyEnvironmentController}
[02:29:47] [main/INFO]: Thermoo initialized
[02:29:47] [main/INFO]: Initialized Thermoo Patches for the following mods: 
 - seasons: Fabric Seasons
 - friendsandfoes: Friends&Foes
[02:29:48] [main/INFO]: Tom's Storage Setup starting
[02:29:48] [main/WARN]: @ModifyConstant conflict. Skipping packetfixer.v1_20_5.fabric.mixins.json:v1_20_5_fabric.ServerLoginPacketListenerImplMixin from mod packetfixer->@ModifyConstant::packetfixer$tick(I)I with priority 1000, already redirected by connectivity.mixins.json:ServerLoginNetHandlerMixin from mod connectivity->@ModifyConstant::loginTimeout(I)I with priority 1001
[02:29:48] [main/INFO]: Constructing common components for tradingpost:main
[02:29:48] [main/INFO]: [STDOUT]: TxniLib onInitialize!
[02:29:48] [main/INFO]: Hello Fabric world!
[02:29:48] [main/ERROR]: No data fixer registered for creaking
[02:29:48] [main/ERROR]: No data fixer registered for happy_ghast
[02:29:48] [main/ERROR]: No data fixer registered for pale_oak_boat
[02:29:48] [main/ERROR]: No data fixer registered for pale_oak_chest_boat
[02:29:48] [main/INFO]: Deserializing VariantsAndVenturesConfig from 'config/variantsandventures.json'
[02:29:48] [main/INFO]: Early initialization - skipping validation (will validate during content registration)
[02:29:48] [main/INFO]: Loaded config for villagerpack 'More Villagers' (namespace: morevillagers)
[02:29:48] [main/INFO]: Registered creative tab for villagerpack 'More Villagers' (namespace: morevillagers)
[02:29:49] [main/INFO]: Loaded config for villagerpack 'More Villagers' (namespace: morevillagers)
[02:29:49] [main/INFO]: Found 1 villager pack(s): 0 from villagerpacks/, 1 from mods/
[02:29:49] [main/INFO]: Loading mod JAR 'More Villagers' (namespace: morevillagers)
[02:29:49] [main/INFO]: Early pack initialization complete
[02:29:49] [main/INFO]: === Starting VillagerPack Validation ===
[02:29:49] [main/INFO]: Loaded config for villagerpack 'More Villagers' (namespace: morevillagers)
[02:29:49] [main/INFO]: Validating pack: morevillagers
[02:29:49] [main/INFO]: Loaded config for villagerpack 'More Villagers' (namespace: morevillagers)
[02:29:49] [main/INFO]: Pack 'morevillagers' validation completed - Pack will load
[02:29:49] [main/INFO]:   - Display Name: More Villagers
[02:29:49] [main/INFO]:   - Description: Adds new villager professions, types, workstations and trades
[02:29:49] [main/INFO]:   - Author: frikinjay
[02:29:49] [main/INFO]:   - Version: 7.1.0
[02:29:49] [main/INFO]:   - Has villagers folder: true
[02:29:49] [main/INFO]:   - Namespace: morevillagers
[02:29:49] [main/INFO]:   - Has assets folder: true
[02:29:49] [main/INFO]:   - Asset namespaces: morevillagers, minecraft
[02:29:49] [main/INFO]:   - Has data folder: true
[02:29:49] [main/INFO]:   - Data namespaces: neoforge, morevillagers, minecraft
[02:29:49] [main/INFO]:   - Pack format: 48
[02:29:49] [main/INFO]:   - Biome Mappings: 1
[02:29:49] [main/INFO]:   - Biome Trades: 0
[02:29:49] [main/INFO]:   - Gifts: 10
[02:29:49] [main/INFO]:   - Language files in morevillagers: 7
[02:29:49] [main/INFO]:   - Models in morevillagers: 22
[02:29:49] [main/INFO]:   - POI Types: 10
[02:29:49] [main/INFO]:   - Professions: 10
[02:29:49] [main/INFO]:   - Structure Tags: 8
[02:29:49] [main/INFO]:   - Structure tags in morevillagers: 8
[02:29:49] [main/INFO]:   - Textures in morevillagers: 73
[02:29:49] [main/INFO]:   - Trades: 10
[02:29:49] [main/INFO]:   - Villager Types: 1
[02:29:49] [main/INFO]:   - Workstations: 0
[02:29:49] [main/INFO]: ---
[02:29:49] [main/INFO]: === Validation Complete ===
[02:29:49] [main/INFO]: Total packs identified: 1, Valid: 1, Invalid: 0, Critical failures: 0
[02:29:49] [main/INFO]: Registering 1 villager types from packs
[02:29:49] [main/INFO]: Registered villager type from pack: badlands
[02:29:49] [main/INFO]: Registering 8 map decoration types from packs
[02:29:49] [main/INFO]: Registered map decoration type from pack: swamp_hut_decoration -> swamp_hut_decoration (keys: morevillagers:swamp_hut_decoration, swamp_hut_decoration)
[02:29:49] [main/INFO]: Registered map decoration type from pack: pillager_outpost_decoration -> pillager_outpost_decoration (keys: morevillagers:pillager_outpost_decoration, pillager_outpost_decoration)
[02:29:49] [main/INFO]: Registered map decoration type from pack: mineshaft_decoration -> mineshaft_decoration (keys: morevillagers:mineshaft_decoration, mineshaft_decoration)
[02:29:49] [main/INFO]: Registered map decoration type from pack: jungle_temple_decoration -> jungle_temple_decoration (keys: morevillagers:jungle_temple_decoration, jungle_temple_decoration)
[02:29:49] [main/INFO]: Registered map decoration type from pack: fortress_decoration -> fortress_decoration (keys: morevillagers:fortress_decoration, fortress_decoration)
[02:29:49] [main/INFO]: Registered map decoration type from pack: end_city_decoration -> end_city_decoration (keys: morevillagers:end_city_decoration, end_city_decoration)
[02:29:49] [main/INFO]: Registered map decoration type from pack: bastion_remnant_decoration -> bastion_remnant_decoration (keys: morevillagers:bastion_remnant_decoration, bastion_remnant_decoration)
[02:29:49] [main/INFO]: Registered map decoration type from pack: ancient_city_decoration -> ancient_city_decoration (keys: morevillagers:ancient_city_decoration, ancient_city_decoration)
[02:29:49] [main/INFO]: Creating 8 structure tags from packs
[02:29:49] [main/INFO]: Created structure tag from pack: TagKey[minecraft:worldgen/structure / morevillagers:on_swamp_hut_explorer_maps]
[02:29:49] [main/INFO]: Created structure tag from pack: TagKey[minecraft:worldgen/structure / morevillagers:on_pillager_outpost_explorer_maps]
[02:29:49] [main/INFO]: Created structure tag from pack: TagKey[minecraft:worldgen/structure / morevillagers:on_mineshaft_explorer_maps]
[02:29:49] [main/INFO]: Created structure tag from pack: TagKey[minecraft:worldgen/structure / morevillagers:on_jungle_temple_explorer_maps]
[02:29:49] [main/INFO]: Created structure tag from pack: TagKey[minecraft:worldgen/structure / morevillagers:on_fortress_explorer_maps]
[02:29:49] [main/INFO]: Created structure tag from pack: TagKey[minecraft:worldgen/structure / morevillagers:on_end_city_explorer_maps]
[02:29:49] [main/INFO]: Created structure tag from pack: TagKey[minecraft:worldgen/structure / morevillagers:on_bastion_remnant_explorer_maps]
[02:29:49] [main/INFO]: Created structure tag from pack: TagKey[minecraft:worldgen/structure / morevillagers:on_ancient_city_maps]
[02:29:49] [main/INFO]: Registering 10 POI types from packs
[02:29:49] [main/INFO]: Registered POI type from pack: woodworker with namespace: morevillagers
[02:29:49] [main/INFO]: Registered POI type from pack: oceanographer with namespace: morevillagers
[02:29:49] [main/INFO]: Registered POI type from pack: netherian with namespace: morevillagers
[02:29:49] [main/INFO]: Registered POI type from pack: miner with namespace: morevillagers
[02:29:49] [main/INFO]: Registered POI type from pack: iceman with namespace: morevillagers
[02:29:49] [main/INFO]: Registered POI type from pack: hunter with namespace: morevillagers
[02:29:49] [main/INFO]: Registered POI type from pack: florist with namespace: morevillagers
[02:29:49] [main/INFO]: Registered POI type from pack: explorer with namespace: morevillagers
[02:29:49] [main/INFO]: Registered POI type from pack: engineer with namespace: morevillagers
[02:29:49] [main/INFO]: Registered POI type from pack: enderian with namespace: morevillagers
[02:29:49] [main/INFO]: Registering 10 professions from packs
[02:29:49] [main/INFO]: Registered profession from pack: woodworker
[02:29:49] [main/INFO]: Registered profession from pack: oceanographer
[02:29:49] [main/INFO]: Registered profession from pack: netherian
[02:29:49] [main/INFO]: Registered profession from pack: miner
[02:29:49] [main/INFO]: Registered profession from pack: iceman
[02:29:49] [main/INFO]: Registered profession from pack: hunter
[02:29:49] [main/INFO]: Registered profession from pack: florist
[02:29:49] [main/INFO]: Registered profession from pack: explorer
[02:29:49] [main/INFO]: Registered profession from pack: engineer
[02:29:49] [main/INFO]: Registered profession from pack: enderian
[02:29:49] [main/INFO]: Staging 10 gifts from packs
[02:29:49] [main/INFO]: Registered gift from pack: woodworker (will be applied lazily)
[02:29:49] [main/INFO]: Registered gift from pack: oceanographer (will be applied lazily)
[02:29:49] [main/INFO]: Registered gift from pack: netherian (will be applied lazily)
[02:29:49] [main/INFO]: Registered gift from pack: miner (will be applied lazily)
[02:29:49] [main/INFO]: Registered gift from pack: iceman (will be applied lazily)
[02:29:49] [main/INFO]: Registered gift from pack: hunter (will be applied lazily)
[02:29:49] [main/INFO]: Registered gift from pack: florist (will be applied lazily)
[02:29:49] [main/INFO]: Registered gift from pack: explorer (will be applied lazily)
[02:29:49] [main/INFO]: Registered gift from pack: engineer (will be applied lazily)
[02:29:49] [main/INFO]: Registered gift from pack: enderian (will be applied lazily)
[02:29:49] [main/INFO]: Content registration complete
[02:29:49] [main/INFO]: Registered creative tab for villagerpack 'More Villagers' with 0 items
[02:29:49] [main/INFO]: Registered villagerpack repository sources
[02:29:49] [main/INFO]: Constructing common components for visualworkbench:main
[02:29:49] [main/INFO]: Dispatching loading event for config visualworkbench-common.toml
[02:29:49] [main/ERROR]: Failed to load config 'class com.github.charlyb01.xpstorage.config.ModConfig', using default!
me.shedaniel.autoconfig.serializer.ConfigSerializer$SerializationException: com.google.gson.JsonSyntaxException: java.lang.IllegalStateException: Expected a string but was BOOLEAN at line 2 column 23 path $.bookTooltip
	at knot/me.shedaniel.autoconfig.serializer.GsonConfigSerializer.deserialize(GsonConfigSerializer.java:83) ~[cloth-config-15.0.140-fabric.jar:?]
	at knot/me.shedaniel.autoconfig.serializer.PartitioningSerializer.deserialize(PartitioningSerializer.java:119) ~[cloth-config-15.0.140-fabric.jar:?]
	at knot/me.shedaniel.autoconfig.serializer.PartitioningSerializer.deserialize(PartitioningSerializer.java:40) ~[cloth-config-15.0.140-fabric.jar:?]
	at knot/me.shedaniel.autoconfig.ConfigManager.load(ConfigManager.java:92) ~[cloth-config-15.0.140-fabric.jar:?]
	at knot/me.shedaniel.autoconfig.ConfigManager.<init>(ConfigManager.java:53) ~[cloth-config-15.0.140-fabric.jar:?]
	at knot/me.shedaniel.autoconfig.AutoConfig.register(AutoConfig.java:66) ~[cloth-config-15.0.140-fabric.jar:?]
	at knot/com.github.charlyb01.xpstorage.XpStorage.onInitialize(XpStorage.java:17) ~[xp_storage-1.6+1.21.jar:?]
	at net.fabricmc.loader.impl.FabricLoaderImpl.invokeEntrypoints(FabricLoaderImpl.java:405) [fabric-loader-0.19.2.jar:?]
	at net.fabricmc.loader.impl.game.minecraft.Hooks.startServer(Hooks.java:63) [fabric-loader-0.19.2.jar:?]
	at knot/net.minecraft.server.Main.main(Main.java:111) [server-intermediary.jar:?]
	at net.fabricmc.loader.impl.game.minecraft.MinecraftGameProvider.launch(MinecraftGameProvider.java:514) [fabric-loader-0.19.2.jar:?]
	at net.fabricmc.loader.impl.launch.knot.Knot.launch(Knot.java:72) [fabric-loader-0.19.2.jar:?]
	at net.fabricmc.loader.impl.launch.knot.KnotServer.main(KnotServer.java:23) [fabric-loader-0.19.2.jar:?]
	at net.fabricmc.loader.impl.launch.server.FabricServerLauncher.main(FabricServerLauncher.java:69) [fabric-loader-0.19.2.jar:?]
	at net.fabricmc.installer.ServerLauncher.main(ServerLauncher.java:69) [fabric-server-launcher.jar:1.1.1]
Caused by: com.google.gson.JsonSyntaxException: java.lang.IllegalStateException: Expected a string but was BOOLEAN at line 2 column 23 path $.bookTooltip
	at knot/com.google.gson.internal.bind.ReflectiveTypeAdapterFactory$Adapter.read(ReflectiveTypeAdapterFactory.java:397) ~[gson-2.10.1.jar:?]
	at knot/com.google.gson.Gson.fromJson(Gson.java:1227) ~[gson-2.10.1.jar:?]
	at knot/com.google.gson.Gson.fromJson(Gson.java:1137) ~[gson-2.10.1.jar:?]
	at knot/com.google.gson.Gson.fromJson(Gson.java:1075) ~[gson-2.10.1.jar:?]
	at knot/me.shedaniel.autoconfig.serializer.GsonConfigSerializer.deserialize(GsonConfigSerializer.java:79) ~[cloth-config-15.0.140-fabric.jar:?]
	... 14 more
Caused by: java.lang.IllegalStateException: Expected a string but was BOOLEAN at line 2 column 23 path $.bookTooltip
	at knot/com.google.gson.stream.JsonReader.nextString(JsonReader.java:836) ~[gson-2.10.1.jar:?]
	at knot/com.google.gson.internal.bind.TypeAdapters$EnumTypeAdapter.read(TypeAdapters.java:910) ~[gson-2.10.1.jar:?]
	at knot/com.google.gson.internal.bind.TypeAdapters$EnumTypeAdapter.read(TypeAdapters.java:859) ~[gson-2.10.1.jar:?]
	at knot/com.google.gson.internal.bind.ReflectiveTypeAdapterFactory$1.readIntoField(ReflectiveTypeAdapterFactory.java:212) ~[gson-2.10.1.jar:?]
	at knot/com.google.gson.internal.bind.ReflectiveTypeAdapterFactory$FieldReflectionAdapter.readField(ReflectiveTypeAdapterFactory.java:433) ~[gson-2.10.1.jar:?]
	at knot/com.google.gson.internal.bind.ReflectiveTypeAdapterFactory$Adapter.read(ReflectiveTypeAdapterFactory.java:393) ~[gson-2.10.1.jar:?]
	at knot/com.google.gson.Gson.fromJson(Gson.java:1227) ~[gson-2.10.1.jar:?]
	at knot/com.google.gson.Gson.fromJson(Gson.java:1137) ~[gson-2.10.1.jar:?]
	at knot/com.google.gson.Gson.fromJson(Gson.java:1075) ~[gson-2.10.1.jar:?]
	at knot/me.shedaniel.autoconfig.serializer.GsonConfigSerializer.deserialize(GsonConfigSerializer.java:79) ~[cloth-config-15.0.140-fabric.jar:?]
	... 14 more
[02:29:49] [main/INFO]: Reflections took 4 ms to scan 1 urls, producing 1 keys and 3 values
[02:29:49] [main/INFO]: Reflections took 12 ms to scan 1 urls, producing 1 keys and 3 values
[02:29:49] [main/INFO]: Loaded config zombieimprovements:config in 16ms
[02:29:49] [main/INFO]: Chose [Entity Tags] as the active game stages implementation
[02:29:49] [main/INFO]: Chose [FALLBACK] as the active permissions implementation
[02:29:49] [main/INFO]: Setting permissions currency implementation to: <NONE>
[02:29:49] [main/INFO]: Chose [<NONE>] as the active currency implementation
[02:29:49] [main/INFO]: [FTB Quests] recipe helper provider is [JEI]
[02:29:49] [main/INFO]: [FTB Quests] Enabled FTB Filter System integration
[02:29:49] [main/INFO]: Initializing 'Better Statistics Screen' as 'BetterStatsServer'.
[02:29:49] [main/INFO]: Download MuseSwipr on Steam!
[02:29:50] [main/INFO]: Processing 9 KiwiModule annotations
[02:29:50] [main/INFO]: Module [snowrealmagic:diagonalfences] initialized
[02:29:50] [main/INFO]: Module [snowrealmagic:core] initialized
[02:29:50] [main/INFO]: 		block: 11, block_entity_type: 2, loot_pool_entry_type: 1
[02:29:50] [main/INFO]: Module [snowrealmagic:diagonalwalls] initialized
[02:29:50] [main/INFO]: Module [kiwi:data] initialized
[02:29:50] [main/INFO]: 		recipe_serializer: 2
[02:29:50] [main/INFO]: Krypton is now accelerating your Minecraft server's networking stack 🚀
[02:29:50] [main/INFO]: [STDOUT]: [Modpack Update Checker] Registered commands
[02:29:51] [main/ERROR]: No data fixer registered for medium_dragon_fireball
[02:29:51] [main/ERROR]: No data fixer registered for medium_fireball
[02:29:51] [main/ERROR]: No data fixer registered for falling_lantern
[02:29:51] [main/ERROR]: No data fixer registered for target_dummy
[02:29:51] [main/ERROR]: No data fixer registered for dispenser_minecart
[02:29:51] [main/ERROR]: No data fixer registered for plunderer
[02:29:51] [main/ERROR]: No data fixer registered for falling_urn
[02:29:51] [main/ERROR]: No data fixer registered for falling_ash
[02:29:51] [main/ERROR]: No data fixer registered for falling_sack
[02:29:51] [main/ERROR]: No data fixer registered for brick_projectile
[02:29:51] [main/ERROR]: No data fixer registered for slimeball_projectile
[02:29:51] [main/ERROR]: No data fixer registered for bomb
[02:29:51] [main/ERROR]: No data fixer registered for cannonball
[02:29:51] [main/ERROR]: No data fixer registered for rope_arrow
[02:29:51] [main/ERROR]: No data fixer registered for slingshot_projectile
[02:29:51] [main/ERROR]: No data fixer registered for cannon_boat
[02:29:51] [main/INFO]: Initialized block sets in 127ms
[02:29:51] [main/INFO]: Loaded config smarterfarmers-common.json
[02:29:51] [main/INFO]: Loaded config fastpaintings-common.json
[02:29:51] [main/INFO]: Loaded config amendments-client.json
[02:29:51] [main/INFO]: Initialized color sets in 202ms
[02:29:51] [main/INFO]: Finished mod setup in: [0, 0, 1, 1, 9, 0] ms
[02:29:51] [main/INFO]: Loading Open Parties and Claims!
[02:29:52] [main/INFO]: Initializing 'TCD Commons API' 3.12.7+fabric-1.21 as 'TCDCommonsServer'.
[02:29:52] [main/INFO]: Registering common data for channel xaerolib:main!
[02:29:52] [main/INFO]: Loading primary common config for channel xaerolib:main!
[02:29:52] [main/INFO]: Loading server config profiles for channel xaerolib:main!
[02:29:52] [main/INFO]: Loading XaeroLib common 1/2!
[02:29:52] [main/INFO]: Loading XaeroLib server 1/2!
[02:29:52] [main/INFO]: Registering common data for channel xaerominimap:main!
[02:29:52] [main/INFO]: Loading primary common config for channel xaerominimap:main!
[02:29:52] [main/INFO]: Loading server config profiles for channel xaerominimap:main!
[02:29:52] [main/INFO]: Loading Xaero's Minimap - Stage 1/2 (Server)
[02:29:52] [main/INFO]: Registering common data for channel xaeroworldmap:main!
[02:29:52] [main/INFO]: Loading primary common config for channel xaeroworldmap:main!
[02:29:52] [main/INFO]: Loading server config profiles for channel xaeroworldmap:main!
[02:29:52] [main/INFO]: Loading Xaero's World Map - Stage 1/2 (Server)
[02:29:52] [main/ERROR]: Registry 'minecraft:wolf_sound_variant' was empty after loading
[02:29:52] [main/ERROR]: Registry 'minecraft:cow_variant' was empty after loading
[02:29:52] [main/ERROR]: Registry 'minecraft:chicken_variant' was empty after loading
[02:29:52] [main/ERROR]: Registry 'minecraft:pig_variant' was empty after loading
[02:29:52] [main/ERROR]: Registry 'vanillabackport:frog_variant' was empty after loading
[02:29:52] [main/ERROR]: Registry 'vanillabackport:wolf_variant' was empty after loading
[02:29:52] [main/ERROR]: Registry 'vanillabackport:cat_variant' was empty after loading
[02:29:53] [main/INFO]: Environment: Environment[sessionHost=https://sessionserver.mojang.com, servicesHost=https://api.minecraftservices.com, name=PROD]
[02:29:53] [main/INFO]: World Patches are disabled
[02:29:54] [main/INFO]: Resource cache state for SERVER_DATA: up to date
[02:29:54] [main/INFO]: Populated search tree for pack at /workspaces/painful_time/BetterMC/dynamic-data-pack-cache/sawmill-sawmill_recipes in 86.58 ms
[02:29:54] [main/INFO]: Populated search tree for pack at /workspaces/painful_time/BetterMC/dynamic-data-pack-cache/supplementaries-generated_pack in 2.702 ms
[02:29:54] [main/INFO]: Starting runtime resource generation for pack type SERVER_DATA with generators [sawmill:sawmill_recipes, supplementaries:generated_pack]
[02:29:54] [main/INFO]: Skipping regeneration for Dynamic SERVER_DATA Resources Provider [sawmill:sawmill_recipes] (cache up-to-date)
[02:29:54] [main/INFO]: Skipping regeneration for Dynamic SERVER_DATA Resources Provider [supplementaries:generated_pack] (cache up-to-date)
[02:29:54] [main/INFO]: Finished runtime resources generation for 2 packs in a total of 21.54 ms 
[02:29:56] [main/WARN]: @Redirect conflict. Skipping mixins.redirected_fabric_1.21.1.json:net.minecraft.world.level.block.state.CacheMixin from mod redirected->@Redirect::redirectSupportTypes()[Lnet/minecraft/class_5431; with priority 10, already redirected by modernfix-common.mixins.json:perf.cache_blockstate_cache_arrays.AbstractBlockStateCacheMixin from mod modernfix->@Redirect::getVoxelShapeValues()[Lnet/minecraft/class_5431; with priority 1000
[02:29:58] [main/INFO]: Updating Pickers for WoVer - The End  BiomeSource (1609f66c)
[02:29:59] [main/INFO]: Unable to build Biome List yet
[02:29:59] [main/INFO]: Make sure features are loaded from terrablender:org.betterx.wover.generator.impl.biomesource.end.WoverEndBiomeSource
[02:29:59] [main/INFO]: Created WoverChunkGenerator with org.betterx.wover.generator.impl.biomesource.end.WoverEndBiomeSource
[02:29:59] [main/INFO]: Updating Pickers for WoVer - Nether BiomeSource (2346511c)
[02:29:59] [main/INFO]: Unable to build Biome List yet
[02:29:59] [main/INFO]: Make sure features are loaded from terrablender:org.betterx.wover.generator.impl.biomesource.nether.WoverNetherBiomeSource
[02:29:59] [main/INFO]: Created WoverChunkGenerator with org.betterx.wover.generator.impl.biomesource.nether.WoverNetherBiomeSource
[02:29:59] [main/INFO]: Updating Pickers for WoVer - The End  BiomeSource (2398b814)
[02:29:59] [main/INFO]: Unable to build Biome List yet
[02:29:59] [main/INFO]: Make sure features are loaded from terrablender:org.betterx.wover.generator.impl.biomesource.end.WoverEndBiomeSource
[02:29:59] [main/INFO]: Created WoverChunkGenerator with org.betterx.wover.generator.impl.biomesource.end.WoverEndBiomeSource
[02:29:59] [main/INFO]: Updating Pickers for WoVer - Nether BiomeSource (dd84139)
[02:29:59] [main/INFO]: Unable to build Biome List yet
[02:29:59] [main/INFO]: Make sure features are loaded from terrablender:org.betterx.wover.generator.impl.biomesource.nether.WoverNetherBiomeSource
[02:29:59] [main/INFO]: Created WoverChunkGenerator with org.betterx.wover.generator.impl.biomesource.nether.WoverNetherBiomeSource
[02:29:59] [main/INFO]: Updating Pickers for WoVer - The End  BiomeSource (5d10a840)
[02:29:59] [main/INFO]: Unable to build Biome List yet
[02:29:59] [main/INFO]: Make sure features are loaded from terrablender:org.betterx.wover.generator.impl.biomesource.end.WoverEndBiomeSource
[02:29:59] [main/INFO]: Created WoverChunkGenerator with org.betterx.wover.generator.impl.biomesource.end.WoverEndBiomeSource
[02:29:59] [main/INFO]: Updating Pickers for WoVer - Nether BiomeSource (12ec7c7a)
[02:29:59] [main/INFO]: Unable to build Biome List yet
[02:29:59] [main/INFO]: Make sure features are loaded from terrablender:org.betterx.wover.generator.impl.biomesource.nether.WoverNetherBiomeSource
[02:29:59] [main/INFO]: Created WoverChunkGenerator with org.betterx.wover.generator.impl.biomesource.nether.WoverNetherBiomeSource
[02:29:59] [main/INFO]: Adding End Highland Biome to Fabric: betterend:amber_land
[02:29:59] [main/INFO]: Adding End Highland Biome to Fabric: betterend:amber_land
[02:29:59] [main/INFO]: Adding End Highland Biome to Fabric: betterend:blossoming_spires
[02:29:59] [main/INFO]: Adding End Highland Biome to Fabric: betterend:blossoming_spires
[02:29:59] [main/INFO]: Adding Nether Biome to Fabric: betternether:bone_reef (class_4762[temperature=-100, humidity=-500, continentalness=0, erosion=0, depth=0, weirdness=0, offset=0])
[02:29:59] [main/INFO]: Adding End Highland Biome to Fabric: betterend:chorus_forest
[02:29:59] [main/INFO]: Adding Nether Biome to Fabric: betternether:crimson_glowing_woods (class_4762[temperature=4000, humidity=-500, continentalness=0, erosion=0, depth=0, weirdness=0, offset=0])
[02:29:59] [main/INFO]: Adding Nether Biome to Fabric: betternether:crimson_pinewood (class_4762[temperature=3500, humidity=1000, continentalness=0, erosion=0, depth=0, weirdness=0, offset=0])
[02:29:59] [main/INFO]: Adding End Highland Biome to Fabric: betterend:crystal_mountains
[02:29:59] [main/INFO]: Adding End Highland Biome to Fabric: betterend:crystal_mountains
[02:29:59] [main/INFO]: Adding End Highland Biome to Fabric: betterend:dragon_graveyards
[02:29:59] [main/INFO]: Adding End Highland Biome to Fabric: betterend:dragon_graveyards
[02:29:59] [main/INFO]: Adding End Highland Biome to Fabric: betterend:dry_shrubland
[02:29:59] [main/INFO]: Adding End Highland Biome to Fabric: betterend:dry_shrubland
[02:29:59] [main/INFO]: Adding End Highland Biome to Fabric: betterend:dust_wastelands
[02:29:59] [main/INFO]: Adding Nether Biome to Fabric: betternether:flooded_deltas (class_4762[temperature=-3000, humidity=-100, continentalness=0, erosion=0, depth=0, weirdness=0, offset=1750])
[02:29:59] [main/INFO]: Adding End Highland Biome to Fabric: betterend:foggy_mushroomland
[02:29:59] [main/INFO]: Adding End Highland Biome to Fabric: betterend:foggy_mushroomland
[02:29:59] [main/INFO]: Adding End Highland Biome to Fabric: betterend:glowing_grasslands
[02:29:59] [main/INFO]: Adding End Highland Biome to Fabric: betterend:glowing_grasslands
[02:29:59] [main/INFO]: Adding Nether Biome to Fabric: betternether:gravel_desert (class_4762[temperature=-1000, humidity=1000, continentalness=0, erosion=0, depth=0, weirdness=0, offset=2000])
[02:29:59] [main/INFO]: Adding Small End Island Biome to Fabric: betterend:ice_starfield
[02:29:59] [main/INFO]: Adding End Highland Biome to Fabric: betterend:lantern_woods
[02:29:59] [main/INFO]: Adding End Highland Biome to Fabric: betterend:lantern_woods
[02:29:59] [main/INFO]: Adding Nether Biome to Fabric: betternether:magma_land (class_4762[temperature=8000, humidity=-7000, continentalness=0, erosion=0, depth=0, weirdness=0, offset=0])
[02:29:59] [main/INFO]: Adding End Highland Biome to Fabric: betterend:megalake
[02:29:59] [main/INFO]: Adding End Highland Biome to Fabric: betterend:megalake
[02:29:59] [main/INFO]: Adding End Highland Biome to Fabric: betterend:megalake_grove
[02:29:59] [main/INFO]: Adding End Highland Biome to Fabric: betterend:megalake_grove
[02:29:59] [main/INFO]: Adding End Highland Biome to Fabric: betterend:neon_oasis
[02:29:59] [main/INFO]: Adding End Highland Biome to Fabric: betterend:neon_oasis
[02:29:59] [main/INFO]: Adding Nether Biome to Fabric: betternether:nether_grasslands (class_4762[temperature=0, humidity=7000, continentalness=0, erosion=0, depth=0, weirdness=0, offset=0])
[02:29:59] [main/INFO]: Adding Nether Biome to Fabric: betternether:nether_jungle (class_4762[temperature=5000, humidity=8000, continentalness=0, erosion=0, depth=0, weirdness=0, offset=0])
[02:29:59] [main/INFO]: Adding Nether Biome to Fabric: betternether:nether_mushroom_forest (class_4762[temperature=0, humidity=7000, continentalness=0, erosion=0, depth=0, weirdness=0, offset=0])
[02:29:59] [main/INFO]: Adding Nether Biome to Fabric: betternether:nether_mushroom_forest_edge (class_4762[temperature=0, humidity=7000, continentalness=0, erosion=0, depth=0, weirdness=0, offset=1000])
[02:29:59] [main/INFO]: Adding Nether Biome to Fabric: betternether:nether_swampland (class_4762[temperature=1000, humidity=8000, continentalness=0, erosion=0, depth=0, weirdness=0, offset=1000])
[02:29:59] [main/INFO]: Adding Nether Biome to Fabric: betternether:nether_swampland_terraces (class_4762[temperature=800, humidity=8500, continentalness=0, erosion=0, depth=0, weirdness=0, offset=1000])
[02:29:59] [main/INFO]: Adding Nether Biome to Fabric: betternether:old_fungiwoods (class_4762[temperature=0, humidity=6500, continentalness=0, erosion=0, depth=0, weirdness=0, offset=0])
[02:29:59] [main/INFO]: Adding Nether Biome to Fabric: betternether:old_swampland (class_4762[temperature=1000, humidity=7500, continentalness=0, erosion=0, depth=0, weirdness=0, offset=1000])
[02:30:00] [main/INFO]: Adding Nether Biome to Fabric: betternether:old_warped_woods (class_4762[temperature=0, humidity=5500, continentalness=0, erosion=0, depth=0, weirdness=0, offset=3750])
[02:30:00] [main/INFO]: Adding End Highland Biome to Fabric: betterend:painted_mountains
[02:30:00] [main/INFO]: Adding End Highland Biome to Fabric: betterend:painted_mountains
[02:30:00] [main/INFO]: Adding Nether Biome to Fabric: betternether:poor_nether_grasslands (class_4762[temperature=0, humidity=3000, continentalness=0, erosion=0, depth=0, weirdness=0, offset=0])
[02:30:00] [main/INFO]: Adding End Highland Biome to Fabric: betterend:shadow_forest
[02:30:00] [main/INFO]: Adding End Highland Biome to Fabric: betterend:shadow_forest
[02:30:00] [main/INFO]: Adding Nether Biome to Fabric: betternether:soul_plain (class_4762[temperature=100, humidity=-5000, continentalness=0, erosion=0, depth=0, weirdness=0, offset=0])
[02:30:00] [main/INFO]: Adding Nether Biome to Fabric: betternether:sulfuric_bone_reef (class_4762[temperature=0, humidity=6000, continentalness=0, erosion=0, depth=0, weirdness=0, offset=3700])
[02:30:00] [main/INFO]: Adding End Highland Biome to Fabric: betterend:sulphur_springs
[02:30:00] [main/INFO]: Adding End Highland Biome to Fabric: betterend:sulphur_springs
[02:30:00] [main/INFO]: Adding End Highland Biome to Fabric: betterend:umbra_valley
[02:30:00] [main/INFO]: Adding End Highland Biome to Fabric: betterend:umbra_valley
[02:30:00] [main/INFO]: Adding End Highland Biome to Fabric: betterend:umbrella_jungle
[02:30:00] [main/INFO]: Adding End Highland Biome to Fabric: betterend:umbrella_jungle
[02:30:00] [main/INFO]: Adding Nether Biome to Fabric: betternether:upside_down_forest (class_4762[temperature=4500, humidity=8000, continentalness=0, erosion=0, depth=0, weirdness=0, offset=1250])
[02:30:00] [main/INFO]: Adding Nether Biome to Fabric: betternether:upside_down_forest_cleared (class_4762[temperature=4500, humidity=3000, continentalness=0, erosion=0, depth=0, weirdness=0, offset=1250])
[02:30:00] [main/INFO]: Adding Nether Biome to Fabric: betternether:wart_forest (class_4762[temperature=-5000, humidity=5000, continentalness=0, erosion=0, depth=0, weirdness=0, offset=0])
[02:30:00] [main/INFO]: Adding Nether Biome to Fabric: betternether:wart_forest_edge (class_4762[temperature=-5000, humidity=4500, continentalness=0, erosion=0, depth=0, weirdness=0, offset=0])
[02:30:00] [main/INFO]: Updating Pickers for WoVer - The End  BiomeSource (208eac42)
[02:30:00] [main/INFO]: Unable to build Biome List yet
[02:30:00] [main/INFO]: Make sure features are loaded from terrablender:org.betterx.wover.generator.impl.biomesource.end.WoverEndBiomeSource
[02:30:00] [main/INFO]: Created WoverChunkGenerator with org.betterx.wover.generator.impl.biomesource.end.WoverEndBiomeSource
[02:30:00] [main/INFO]: Updating Pickers for WoVer - Nether BiomeSource (6fda2f7a)
[02:30:00] [main/INFO]: Unable to build Biome List yet
[02:30:00] [main/INFO]: Make sure features are loaded from terrablender:org.betterx.wover.generator.impl.biomesource.nether.WoverNetherBiomeSource
[02:30:00] [main/INFO]: Created WoverChunkGenerator with org.betterx.wover.generator.impl.biomesource.nether.WoverNetherBiomeSource
[02:30:02] [Worker-Main-1/INFO]: [Load My F***ing Tags]: Loaded Config File!
[02:30:04] [Worker-Main-1/ERROR]: Unable to building bartering table
[02:30:05] [Worker-Main-1/WARN]: Found loot table element validation problem in {minecraft:loot_table/supplementaries:loot/galleon/safe}.pools[0].entries[3]: Unreachable entry!
[02:30:05] [Worker-Main-1/WARN]: Found loot table element validation problem in {minecraft:loot_table/dungeons_arise:chests/illager_campsite/illager_campsite_map}.pools[7].entries[0]->{minecraft:chests/pillager_outpost}.pools[6].entries[0]: Unknown loot table called supplementaries:inject/pillager_quiver
[02:30:05] [Worker-Main-1/WARN]: Found loot table element validation problem in {minecraft:loot_table/supplementaries:loot/galleon/safe}.pools[2].entries[1]: Unreachable entry!
[02:30:05] [Worker-Main-1/WARN]: Found loot table element validation problem in {minecraft:loot_table/repurposed_structures:chests/outposts/mangrove}.pools[7].entries[0]: Unknown loot table called supplementaries:inject/pillager_quiver
[02:30:05] [Worker-Main-1/WARN]: Found loot table element validation problem in {minecraft:loot_table/minecraft:chests/pillager_outpost}.pools[6].entries[0]: Unknown loot table called supplementaries:inject/pillager_quiver
[02:30:05] [Worker-Main-1/WARN]: Found loot table element validation problem in {minecraft:loot_table/repurposed_structures:chests/outposts/warped}.pools[4].entries[0]: Unknown loot table called supplementaries:inject/pillager_quiver
[02:30:05] [Worker-Main-1/WARN]: Found loot table element validation problem in {minecraft:loot_table/repurposed_structures:chests/outposts/oak}.pools[8].entries[0]: Unknown loot table called supplementaries:inject/pillager_quiver
[02:30:05] [Worker-Main-1/WARN]: Found loot table element validation problem in {minecraft:loot_table/dungeons_arise:chests/illager_campsite/illager_campsite_tent}.pools[5].entries[0]->{minecraft:chests/pillager_outpost}.pools[6].entries[0]: Unknown loot table called supplementaries:inject/pillager_quiver
[02:30:05] [Worker-Main-1/WARN]: Found loot table element validation problem in {minecraft:loot_table/repurposed_structures:chests/outposts/nether_brick}.pools[4].entries[0]: Unknown loot table called supplementaries:inject/pillager_quiver
[02:30:05] [Worker-Main-1/WARN]: Found loot table element validation problem in {minecraft:loot_table/repurposed_structures:chests/outposts/taiga}.pools[7].entries[0]: Unknown loot table called supplementaries:inject/pillager_quiver
[02:30:05] [Worker-Main-1/WARN]: Found loot table element validation problem in {minecraft:loot_table/repurposed_structures:chests/outposts/icy}.pools[7].entries[0]: Unknown loot table called supplementaries:inject/pillager_quiver
[02:30:05] [Worker-Main-1/WARN]: Found loot table element validation problem in {minecraft:loot_table/repurposed_structures:chests/outposts/giant_tree_taiga}.pools[7].entries[0]: Unknown loot table called supplementaries:inject/pillager_quiver
[02:30:05] [Worker-Main-1/WARN]: Found loot table element validation problem in {minecraft:loot_table/repurposed_structures:chests/outposts/savanna}.pools[7].entries[0]: Unknown loot table called supplementaries:inject/pillager_quiver
[02:30:05] [Worker-Main-1/WARN]: Found loot table element validation problem in {minecraft:loot_table/repurposed_structures:chests/outposts/jungle}.pools[7].entries[0]: Unknown loot table called supplementaries:inject/pillager_quiver
[02:30:05] [Worker-Main-1/WARN]: Found loot table element validation problem in {minecraft:loot_table/repurposed_structures:chests/outposts/badlands}.pools[7].entries[0]: Unknown loot table called supplementaries:inject/pillager_quiver
[02:30:05] [Worker-Main-1/WARN]: Found loot table element validation problem in {minecraft:loot_table/repurposed_structures:chests/outposts/snowy}.pools[7].entries[0]: Unknown loot table called supplementaries:inject/pillager_quiver
[02:30:05] [Worker-Main-1/WARN]: Found loot table element validation problem in {minecraft:loot_table/repurposed_structures:chests/outposts/ocean}.pools[7].entries[0]: Unknown loot table called supplementaries:inject/pillager_quiver
[02:30:05] [Worker-Main-1/WARN]: Found loot table element validation problem in {minecraft:loot_table/repurposed_structures:chests/outposts/birch}.pools[7].entries[0]: Unknown loot table called supplementaries:inject/pillager_quiver
[02:30:05] [Worker-Main-1/WARN]: Found loot table element validation problem in {minecraft:loot_table/repurposed_structures:chests/outposts/crimson}.pools[4].entries[0]: Unknown loot table called supplementaries:inject/pillager_quiver
[02:30:05] [Worker-Main-1/WARN]: Found loot table element validation problem in {minecraft:loot_table/repurposed_structures:chests/outposts/soul}.pools[4].entries[0]: Unknown loot table called supplementaries:inject/pillager_quiver
[02:30:05] [Worker-Main-1/WARN]: Found loot table element validation problem in {minecraft:loot_table/repurposed_structures:chests/outposts/desert}.pools[7].entries[0]: Unknown loot table called supplementaries:inject/pillager_quiver
[02:30:05] [Worker-Main-1/WARN]: Found loot table element validation problem in {minecraft:loot_table/repurposed_structures:chests/outposts/basalt}.pools[4].entries[0]: Unknown loot table called supplementaries:inject/pillager_quiver
[02:30:06] [Worker-Main-1/ERROR]: Couldn't load tag aether_villages:collections/deep_aether_biomes as it is missing following references: deep_aether:aerlavender_fields (from aether_villages), deep_aether:aerglow_forest (from aether_villages), deep_aether:yagroot_swamp (from aether_villages)
[02:30:06] [Worker-Main-1/ERROR]: Couldn't load tag aether_villages:collections/ancient_aether_biomes as it is missing following references: #ancient_aether:is_ancient_aether_biome (from aether_villages)
[02:30:06] [Worker-Main-1/ERROR]: Couldn't load tag aether_villages:collections/aether_redux_biomes as it is missing following references: aether_redux:skyfields (from aether_villages), aether_redux:gilded_groves (from aether_villages), aether_redux:cloudcaps (from aether_villages), aether_redux:frosted_forests (from aether_villages), aether_redux:glacial_tundra (from aether_villages)
[02:30:08] [Worker-Main-1/INFO]: All Tags to be dealt with: [accessories:wrist, accessories:trinket_group_legs-quiver, accessories:belt, accessories:ring, accessories:hand, accessories:hat, accessories:charm, accessories:cape, accessories:trinket_group_legs-key, accessories:back, accessories:necklace]
[02:30:08] [Worker-Main-1/WARN]: [RuntimeTagModification] Adding Entries from [accessories:wrist] to [trinkets:hand/wrist]: 
     [minecraft:clock (from accessorify:1_21_1/default/clock)]
[02:30:08] [Worker-Main-1/WARN]: [RuntimeTagModification] Adding Entries from [accessories:wrist] to [trinkets:offhand/wrist]: 
     [minecraft:clock (from accessorify:1_21_1/default/clock)]
[02:30:08] [Worker-Main-1/WARN]: [RuntimeTagModification] Adding Entries from [trinkets:legs/quiver] to [accessories:trinket_group_legs-quiver]: 
     [supplementaries:quiver (from supplementaries)]
[02:30:08] [Worker-Main-1/WARN]: [RuntimeTagModification] Adding Entries from [trinkets:legs/belt] to [accessories:belt]: 
     [toms_storage:adv_wireless_terminal (from toms_storage)]
[02:30:08] [Worker-Main-1/WARN]: [RuntimeTagModification] Adding Entries from [accessories:belt] to [trinkets:legs/belt]: 
     [#accessorify:lanterns (from accessorify:1_21_1/default/lantern), minecraft:spyglass (from accessorify:1_21_1/default/spyglass), minecraft:lantern (from immersivelanterns), minecraft:soul_lantern (from immersivelanterns)]
[02:30:08] [Worker-Main-1/WARN]: [RuntimeTagModification] Adding Entries from [trinkets:offhand/ring] to [accessories:ring]: 
     [xp_storage_trinkets:xp_conduit (from xp_storage_trinkets)]
[02:30:08] [Worker-Main-1/WARN]: [RuntimeTagModification] Adding Entries from [accessories:ring] to [trinkets:offhand/ring]: 
     [#aether:accessories_rings (from builtin/aether_accessories_override)]
[02:30:08] [Worker-Main-1/WARN]: [RuntimeTagModification] Adding Entries from [trinkets:hand/ring] to [accessories:ring]: 
     [xp_storage_trinkets:xp_conduit (from xp_storage_trinkets)]
[02:30:08] [Worker-Main-1/WARN]: [RuntimeTagModification] Adding Entries from [accessories:ring] to [trinkets:hand/ring]: 
     [#aether:accessories_rings (from builtin/aether_accessories_override)]
[02:30:08] [Worker-Main-1/WARN]: [RuntimeTagModification] Adding Entries from [trinkets:offhand/ring] to [trinkets:hand/ring]: 
     [xp_storage_trinkets:xp_conduit (from xp_storage_trinkets)]
[02:30:08] [Worker-Main-1/WARN]: [RuntimeTagModification] Adding Entries from [trinkets:hand/ring] to [trinkets:offhand/ring]: 
     [xp_storage_trinkets:xp_conduit (from xp_storage_trinkets)]
[02:30:08] [Worker-Main-1/WARN]: [RuntimeTagModification] Adding Entries from [accessories:hand] to [trinkets:hand/glove]: 
     [#aether:accessories_gloves (from builtin/aether_accessories_override)]
[02:30:08] [Worker-Main-1/WARN]: [RuntimeTagModification] Adding Entries from [accessories:hand] to [trinkets:offhand/glove]: 
     [#aether:accessories_gloves (from builtin/aether_accessories_override)]
[02:30:08] [Worker-Main-1/WARN]: [RuntimeTagModification] Adding Entries from [trinkets:head/hat] to [accessories:hat]: 
     [the_bumblezone:flower_headwear (from the_bumblezone)]
[02:30:08] [Worker-Main-1/WARN]: [RuntimeTagModification] Adding Entries from [trinkets:charm/charm] to [accessories:charm]: 
     [#friendsandfoes:totems (from friendsandfoes), minecraft:totem_of_undying (from friendsandfoes), biomemakeover:enchanted_totem? (from friendsandfoes), voidtotem:totem_of_void_undying? (from friendsandfoes), #voidtotem:additional_totems? (from friendsandfoes), fwaystones:void_totem? (from friendsandfoes), netheriteextras:totem_of_neverdying? (from friendsandfoes)]
[02:30:08] [Worker-Main-1/WARN]: [RuntimeTagModification] Adding Entries from [trinkets:chest/cape] to [accessories:cape]: 
     [betterend:elytra_armored (from betterend), betterend:elytra_crystalite (from betterend), frostiful:frostology_cloak (from frostiful), frostiful:inert_frostology_cloak (from frostiful)]
[02:30:08] [Worker-Main-1/WARN]: [RuntimeTagModification] Adding Entries from [accessories:cape] to [trinkets:chest/cape]: 
     [minecraft:elytra (from accessorify:1_21_1/default/elytra), #aether:accessories_capes (from builtin/aether_accessories_override)]
[02:30:08] [Worker-Main-1/WARN]: [RuntimeTagModification] Adding Entries from [trinkets:legs/key] to [accessories:trinket_group_legs-key]: 
     [supplementaries:key (from supplementaries), suppsquared:heavy_key? (from supplementaries)]
[02:30:08] [Worker-Main-1/WARN]: [RuntimeTagModification] Adding Entries from [accessories:back] to [trinkets:chest/back]: 
     [minecraft:ender_chest (from accessorify:1_21_1/default/enderchest), #aether:accessories_shields (from builtin/aether_accessories_override)]
[02:30:08] [Worker-Main-1/WARN]: [RuntimeTagModification] Adding Entries from [trinkets:chest/necklace] to [accessories:necklace]: 
     [xp_storage_trinkets:xp_saver (from xp_storage_trinkets)]
[02:30:08] [Worker-Main-1/WARN]: [RuntimeTagModification] Adding Entries from [accessories:necklace] to [trinkets:chest/necklace]: 
     [#aether:accessories_pendants (from builtin/aether_accessories_override)]
[02:30:08] [Worker-Main-1/ERROR]: Couldn't load tag c:stripped_wood as it is missing following references: #natures_spirit:stripped_wood (from natures_spirit)
[02:30:11] [Worker-Main-1/ERROR]: Failed to interact with .json file 'minecraft:advancement/recipes/decorations/lodestone.json' with event 'misctweaks:modify_lodestone_recipe_unlock_condition'

java.lang.NullPointerException: Cannot invoke "com.google.gson.JsonObject.getAsJsonObject(String)" because the return value of "com.google.gson.JsonObject.getAsJsonObject(String)" is null
	at knot/me.pajic.misctweaks.mixson.ResourceModifications.lambda$init$5(ResourceModifications.java:90) ~[misctweaks-1.3.0+1.21.1-fabric.jar:?]
	at knot/net.ramixin.mixson.inline.Mixson.processContext(Mixson.java:387) ~[mixson-1.4.0-b7bcd5ddb315a028.jar:?]
	at knot/net.ramixin.mixson.inline.Mixson.processStandardEvent(Mixson.java:356) ~[mixson-1.4.0-b7bcd5ddb315a028.jar:?]
	at knot/net.ramixin.mixson.inline.Mixson.beginEventProcessing(Mixson.java:261) ~[mixson-1.4.0-b7bcd5ddb315a028.jar:?]
	at knot/net.ramixin.mixson.inline.Mixson.runStandardEvents(Mixson.java:146) ~[mixson-1.4.0-b7bcd5ddb315a028.jar:?]
	at knot//MC/net.minecraft.resource.LifecycledResourceManagerImpl.modifyReturnValue$fbc000$mixson$runMixsonEvents(LifecycledResourceManagerImpl.java:1020) ~[server-intermediary.jar:?]
	at knot//MC/net.minecraft.resource.LifecycledResourceManagerImpl.findResources(LifecycledResourceManagerImpl.java:110) ~[server-intermediary.jar:?]
	at knot//MC/net.minecraft.resource.ResourceFinder.findResources(ResourceFinder.java:32) ~[server-intermediary.jar:?]
	at knot//MC/net.minecraft.resource.JsonDataLoader.load(JsonDataLoader.java:39) ~[server-intermediary.jar:?]
	at knot//MC/net.minecraft.resource.JsonDataLoader.prepare(JsonDataLoader.java:32) ~[server-intermediary.jar:?]
	at knot//MC/net.minecraft.server.ServerAdvancementLoader.prepare(ServerAdvancementLoader.java:526) ~[server-intermediary.jar:?]
	at knot//MC/net.minecraft.resource.JsonDataLoader.prepare(JsonDataLoader.java:18) ~[server-intermediary.jar:?]
	at knot//MC/net.minecraft.resource.SinglePreparationResourceReloader.method_18791(SinglePreparationResourceReloader.java:11) ~[server-intermediary.jar:?]
	at java.base/java.util.concurrent.CompletableFuture$AsyncSupply.run(CompletableFuture.java:1768) [?:?]
	at java.base/java.util.concurrent.CompletableFuture$AsyncSupply.exec(CompletableFuture.java:1760) [?:?]
	at java.base/java.util.concurrent.ForkJoinTask.doExec(ForkJoinTask.java:387) [?:?]
	at java.base/java.util.concurrent.ForkJoinPool$WorkQueue.topLevelExec(ForkJoinPool.java:1310) [?:?]
	at java.base/java.util.concurrent.ForkJoinPool.scan(ForkJoinPool.java:1841) [?:?]
	at java.base/java.util.concurrent.ForkJoinPool.runWorker(ForkJoinPool.java:1806) [?:?]
	at java.base/java.util.concurrent.ForkJoinWorkerThread.run(ForkJoinWorkerThread.java:188) [?:?]
[02:30:12] [Worker-Main-1/WARN]: Found data map file for non-existent data map type 'neoforge:villager_types' on registry 'minecraft:worldgen/biome'.
[02:30:12] [Worker-Main-1/WARN]: Found data map file for non-existent data map type 'dyedflames:fire_types' on registry 'minecraft:block'.
[02:30:12] [Worker-Main-1/WARN]: Found data map file for non-existent data map type 'neoforge:raid_hero_gifts' on registry 'minecraft:villager_profession'.
[02:30:12] [Worker-Main-1/WARN]: Found data map file for non-existent data map type 'neoforge:parrot_imitations' on registry 'minecraft:entity_type'.
[02:30:13] [Worker-Main-1/WARN]: Found data map file for non-existent data map type 'neoforge:villager_types' on registry 'minecraft:worldgen/biome'.
[02:30:13] [Worker-Main-1/WARN]: Found data map file for non-existent data map type 'aether:altar_fuel' on registry 'minecraft:item'.
[02:30:13] [Worker-Main-1/WARN]: Found data map file for non-existent data map type 'neoforge:compostables' on registry 'minecraft:item'.
[02:30:13] [Worker-Main-1/WARN]: Found data map file for non-existent data map type 'aether:freezer_fuel' on registry 'minecraft:item'.
[02:30:13] [Worker-Main-1/WARN]: Found data map file for non-existent data map type 'neoforge:furnace_fuels' on registry 'minecraft:item'.
[02:30:13] [Worker-Main-1/WARN]: Found data map file for non-existent data map type 'aether:incubator_fuel' on registry 'minecraft:item'.
[02:30:13] [Worker-Main-1/WARN]: Found data map file for non-existent data map type 'neoforge:raid_hero_gifts' on registry 'minecraft:villager_profession'.
[02:30:13] [Worker-Main-1/WARN]: Found data map file for non-existent data map type 'neoforge:parrot_imitations' on registry 'minecraft:entity_type'.
[02:30:13] [main/INFO]: Disabling Recipe: bclib:test_star
[02:30:13] [main/ERROR]: Parsing error loading recipe deeperdarker:farmersdelight/cutting/blooming_stem Not a JSON object: "minecraft:item.axe.strip"; Not a JSON object: "farmersdelight:tree_bark"; Not a JSON object: "deeperdarker:stripped_blooming_stem"; Failed to parse either. First: Input does not contain a key [fabric:type]: MapLike[{"type":"farmersdelight:tool_action","action":"axe_strip"}]; Second: Failed to parse either. First: Not a json array: {"type":"farmersdelight:tool_action","action":"axe_strip"}; Second: No key tag in MapLike[{"type":"farmersdelight:tool_action","action":"axe_strip"}]; No key item in MapLike[{"type":"farmersdelight:tool_action","action":"axe_strip"}]
[02:30:14] [main/ERROR]: Parsing error loading recipe deeperdarker:farmersdelight/cutting/bloom_hanging_sign Not a JSON object: "deeperdarker:bloom_planks"; Failed to parse either. First: Input does not contain a key [fabric:type]: MapLike[{"type":"farmersdelight:tool_action","action":"axe_dig"}]; Second: Failed to parse either. First: Not a json array: {"type":"farmersdelight:tool_action","action":"axe_dig"}; Second: No key tag in MapLike[{"type":"farmersdelight:tool_action","action":"axe_dig"}]; No key item in MapLike[{"type":"farmersdelight:tool_action","action":"axe_dig"}]
[02:30:14] [main/ERROR]: Parsing error loading recipe deeperdarker:farmersdelight/cutting/echo_door Not a JSON object: "deeperdarker:echo_planks"; Failed to parse either. First: Input does not contain a key [fabric:type]: MapLike[{"type":"farmersdelight:tool_action","action":"axe_dig"}]; Second: Failed to parse either. First: Not a json array: {"type":"farmersdelight:tool_action","action":"axe_dig"}; Second: No key tag in MapLike[{"type":"farmersdelight:tool_action","action":"axe_dig"}]; No key item in MapLike[{"type":"farmersdelight:tool_action","action":"axe_dig"}]
[02:30:14] [main/ERROR]: Parsing error loading recipe jeed:inebriation Unknown registry key in ResourceKey[minecraft:root / minecraft:recipe_serializer]: jeed:effect_provider
[02:30:14] [main/ERROR]: Parsing error loading recipe deeperdarker:farmersdelight/cutting/echo_log Not a JSON object: "minecraft:item.axe.strip"; Not a JSON object: "farmersdelight:tree_bark"; Not a JSON object: "deeperdarker:stripped_echo_log"; Failed to parse either. First: Input does not contain a key [fabric:type]: MapLike[{"type":"farmersdelight:tool_action","action":"axe_strip"}]; Second: Failed to parse either. First: Not a json array: {"type":"farmersdelight:tool_action","action":"axe_strip"}; Second: No key tag in MapLike[{"type":"farmersdelight:tool_action","action":"axe_strip"}]; No key item in MapLike[{"type":"farmersdelight:tool_action","action":"axe_strip"}]
[02:30:14] [main/ERROR]: Parsing error loading recipe deeperdarker:farmersdelight/cutting/echo_sign Not a JSON object: "deeperdarker:echo_planks"; Failed to parse either. First: Input does not contain a key [fabric:type]: MapLike[{"type":"farmersdelight:tool_action","action":"axe_dig"}]; Second: Failed to parse either. First: Not a json array: {"type":"farmersdelight:tool_action","action":"axe_dig"}; Second: No key tag in MapLike[{"type":"farmersdelight:tool_action","action":"axe_dig"}]; No key item in MapLike[{"type":"farmersdelight:tool_action","action":"axe_dig"}]
[02:30:14] [main/ERROR]: Parsing error loading recipe deeperdarker:farmersdelight/cutting/echo_trapdoor Not a JSON object: "deeperdarker:echo_planks"; Failed to parse either. First: Input does not contain a key [fabric:type]: MapLike[{"type":"farmersdelight:tool_action","action":"axe_dig"}]; Second: Failed to parse either. First: Not a json array: {"type":"farmersdelight:tool_action","action":"axe_dig"}; Second: No key tag in MapLike[{"type":"farmersdelight:tool_action","action":"axe_dig"}]; No key item in MapLike[{"type":"farmersdelight:tool_action","action":"axe_dig"}]
[02:30:14] [main/ERROR]: Parsing error loading recipe supplementaries:copper_lantern_conversion Unknown registry key in ResourceKey[minecraft:root / minecraft:block]: suppsquared:copper_lantern; Failed to parse either. First: Not a json array: {"block":"suppsquared:copper_lantern","properties":{"lit":"true"}}; Second: No key tag in MapLike[{"block":"suppsquared:copper_lantern","properties":{"lit":"true"}}]; Unknown registry key in ResourceKey[minecraft:root / minecraft:block]: suppsquared:copper_lantern
[02:30:14] [main/ERROR]: Parsing error loading recipe deeperdarker:farmersdelight/cutting/bloom_sign Not a JSON object: "deeperdarker:bloom_planks"; Failed to parse either. First: Input does not contain a key [fabric:type]: MapLike[{"type":"farmersdelight:tool_action","action":"axe_dig"}]; Second: Failed to parse either. First: Not a json array: {"type":"farmersdelight:tool_action","action":"axe_dig"}; Second: No key tag in MapLike[{"type":"farmersdelight:tool_action","action":"axe_dig"}]; No key item in MapLike[{"type":"farmersdelight:tool_action","action":"axe_dig"}]
[02:30:14] [main/ERROR]: Parsing error loading recipe deeperdarker:farmersdelight/cutting/echo_wood Not a JSON object: "minecraft:item.axe.strip"; Not a JSON object: "farmersdelight:tree_bark"; Not a JSON object: "deeperdarker:stripped_echo_wood"; Failed to parse either. First: Input does not contain a key [fabric:type]: MapLike[{"type":"farmersdelight:tool_action","action":"axe_strip"}]; Second: Failed to parse either. First: Not a json array: {"type":"farmersdelight:tool_action","action":"axe_strip"}; Second: No key tag in MapLike[{"type":"farmersdelight:tool_action","action":"axe_strip"}]; No key item in MapLike[{"type":"farmersdelight:tool_action","action":"axe_strip"}]
[02:30:14] [main/ERROR]: Parsing error loading recipe deeperdarker:farmersdelight/cutting/echo_hanging_sign Not a JSON object: "deeperdarker:echo_planks"; Failed to parse either. First: Input does not contain a key [fabric:type]: MapLike[{"type":"farmersdelight:tool_action","action":"axe_dig"}]; Second: Failed to parse either. First: Not a json array: {"type":"farmersdelight:tool_action","action":"axe_dig"}; Second: No key tag in MapLike[{"type":"farmersdelight:tool_action","action":"axe_dig"}]; No key item in MapLike[{"type":"farmersdelight:tool_action","action":"axe_dig"}]
[02:30:14] [main/ERROR]: Parsing error loading recipe deeperdarker:farmersdelight/cutting/bloom_door Not a JSON object: "deeperdarker:bloom_planks"; Failed to parse either. First: Input does not contain a key [fabric:type]: MapLike[{"type":"farmersdelight:tool_action","action":"axe_dig"}]; Second: Failed to parse either. First: Not a json array: {"type":"farmersdelight:tool_action","action":"axe_dig"}; Second: No key tag in MapLike[{"type":"farmersdelight:tool_action","action":"axe_dig"}]; No key item in MapLike[{"type":"farmersdelight:tool_action","action":"axe_dig"}]
[02:30:14] [main/ERROR]: Parsing error loading recipe jeed:remedy Unknown registry key in ResourceKey[minecraft:root / minecraft:recipe_serializer]: jeed:effect_provider
[02:30:14] [main/ERROR]: Parsing error loading recipe deeperdarker:farmersdelight/cutting/bloom_trapdoor Not a JSON object: "deeperdarker:bloom_planks"; Failed to parse either. First: Input does not contain a key [fabric:type]: MapLike[{"type":"farmersdelight:tool_action","action":"axe_dig"}]; Second: Failed to parse either. First: Not a json array: {"type":"farmersdelight:tool_action","action":"axe_dig"}; Second: No key tag in MapLike[{"type":"farmersdelight:tool_action","action":"axe_dig"}]; No key item in MapLike[{"type":"farmersdelight:tool_action","action":"axe_dig"}]
[02:30:14] [main/INFO]: Processing Sawmill Recipes into Recipe Manager
[02:30:14] [main/INFO]: Skipping Sawmill recipe generation as packs didn't change
[02:30:14] [main/INFO]: Loaded 11359 recipes
[02:30:14] [main/INFO]: Added 0 recipes in 8ms
[02:30:14] [main/ERROR]: Parsing error loading custom advancement dungeons_arise:find_illager_corsair_or_illager_galley: No key id in MapLike[{"item":"minecraft:tropical_fish"}]
[02:30:15] [main/ERROR]: Parsing error loading custom advancement dungeons_arise:find_thornborn_towers: No key id in MapLike[{"item":"minecraft:rose_bush"}]
[02:30:15] [main/ERROR]: Parsing error loading custom advancement dungeons_arise:find_keep_kayra: No key id in MapLike[{"item":"minecraft:lily_pad"}]
[02:30:15] [main/ERROR]: Parsing error loading custom advancement dungeons_arise:find_infested_temple_map: No key id in MapLike[{"item":"minecraft:filled_map"}]
[02:30:15] [main/ERROR]: Parsing error loading custom advancement dungeons_arise:find_greenwood_pub: No key id in MapLike[{"item":"minecraft:barrel"}]
[02:30:16] [main/ERROR]: Couldn't load advancements: [dungeons_arise:find_plague_asylum, charm:shulker_box_transferring/transferred_to_shulker_box, dungeons_arise:find_fishing_hut, charm:item_hover_sorting/sorted_items_while_hovering]
[02:30:16] [main/INFO]: Loaded 7084 advancements
[02:30:16] [main/WARN]: Can't retrieve registry minecraft:block, failing registry_contains resource condition check
[02:30:16] [main/WARN]: Can't retrieve registry minecraft:block, failing registry_contains resource condition check
[02:30:16] [main/WARN]: Can't retrieve registry minecraft:block, failing registry_contains resource condition check
[02:30:16] [main/WARN]: Can't retrieve registry minecraft:block, failing registry_contains resource condition check
[02:30:16] [main/WARN]: Can't retrieve registry minecraft:block, failing registry_contains resource condition check
[02:30:16] [main/ERROR]: Registry Lookup was null, failing tag_empty resource condition check
[02:30:16] [main/WARN]: Can't retrieve registry minecraft:block, failing registry_contains resource condition check
[02:30:16] [main/WARN]: Can't retrieve registry minecraft:block, failing registry_contains resource condition check
[02:30:16] [main/WARN]: Can't retrieve registry minecraft:block, failing registry_contains resource condition check
[02:30:16] [main/ERROR]: Registry Lookup was null, failing tag_empty resource condition check
[02:30:16] [main/WARN]: Can't retrieve registry minecraft:block, failing registry_contains resource condition check
[02:30:16] [main/ERROR]: Registry Lookup was null, failing tag_empty resource condition check
[02:30:16] [main/WARN]: Can't retrieve registry minecraft:block, failing registry_contains resource condition check
[02:30:16] [main/WARN]: Can't retrieve registry minecraft:block, failing registry_contains resource condition check
[02:30:16] [main/WARN]: Can't retrieve registry minecraft:block, failing registry_contains resource condition check
[02:30:16] [main/WARN]: Can't retrieve registry minecraft:block, failing registry_contains resource condition check
[02:30:16] [main/WARN]: Can't retrieve registry minecraft:block, failing registry_contains resource condition check
[02:30:16] [main/WARN]: Can't retrieve registry minecraft:block, failing registry_contains resource condition check
[02:30:16] [main/WARN]: Can't retrieve registry minecraft:block, failing registry_contains resource condition check
[02:30:16] [main/ERROR]: Registry Lookup was null, failing tag_empty resource condition check
[02:30:16] [main/WARN]: Can't retrieve registry minecraft:block, failing registry_contains resource condition check
[02:30:16] [main/WARN]: Can't retrieve registry minecraft:block, failing registry_contains resource condition check
[02:30:16] [main/WARN]: Can't retrieve registry minecraft:block, failing registry_contains resource condition check
[02:30:16] [main/WARN]: Failed to parse fake loot table minecraft:entities/zombie_villager: Not a json array: "minecraft:diamond_boots"; Failed to parse either. First: Can't access registry ResourceKey[minecraft:root / minecraft:enchantment]; Second: Not a json array: {"condition":"minecraft:random_chance_with_enchanted_bonus","enchanted_chance":{"type":"minecraft:linear","base":0.095,"per_level_above_first":0.01},"enchantment":"minecraft:looting","unenchanted_chance":0.085}; Not a json array: "minecraft:diamond_leggings"; Failed to parse either. First: Can't access registry ResourceKey[minecraft:root / minecraft:enchantment]; Second: Not a json array: {"condition":"minecraft:random_chance_with_enchanted_bonus","enchanted_chance":{"type":"minecraft:linear","base":0.095,"per_level_above_first":0.01},"enchantment":"minecraft:looting","unenchanted_chance":0.085}; Not a json array: "minecraft:diamond_chestplate"; Failed to parse either. First: Can't access registry ResourceKey[minecraft:root / minecraft:enchantment]; Second: Not a json array: {"condition":"minecraft:random_chance_with_enchanted_bonus","enchanted_chance":{"type":"minecraft:linear","base":0.095,"per_level_above_first":0.01},"enchantment":"minecraft:looting","unenchanted_chance":0.085}; Not a json array: "minecraft:diamond_helmet"; Failed to parse either. First: Can't access registry ResourceKey[minecraft:root / minecraft:enchantment]; Second: Not a json array: {"condition":"minecraft:random_chance_with_enchanted_bonus","enchanted_chance":{"type":"minecraft:linear","base":0.095,"per_level_above_first":0.01},"enchantment":"minecraft:looting","unenchanted_chance":0.085}; Not a json array: "minecraft:iron_boots"; Failed to parse either. First: Can't access registry ResourceKey[minecraft:root / minecraft:enchantment]; Second: Not a json array: {"condition":"minecraft:random_chance_with_enchanted_bonus","enchanted_chance":{"type":"minecraft:linear","base":0.095,"per_level_above_first":0.01},"enchantment":"minecraft:looting","unenchanted_chance":0.085}; Not a json array: "minecraft:iron_leggings"; Failed to parse either. First: Can't access registry ResourceKey[minecraft:root / minecraft:enchantment]; Second: Not a json array: {"condition":"minecraft:random_chance_with_enchanted_bonus","enchanted_chance":{"type":"minecraft:linear","base":0.095,"per_level_above_first":0.01},"enchantment":"minecraft:looting","unenchanted_chance":0.085}; Not a json array: "minecraft:iron_chestplate"; Failed to parse either. First: Can't access registry ResourceKey[minecraft:root / minecraft:enchantment]; Second: Not a json array: {"condition":"minecraft:random_chance_with_enchanted_bonus","enchanted_chance":{"type":"minecraft:linear","base":0.095,"per_level_above_first":0.01},"enchantment":"minecraft:looting","unenchanted_chance":0.085}; Not a json array: "minecraft:iron_helmet"; Failed to parse either. First: Can't access registry ResourceKey[minecraft:root / minecraft:enchantment]; Second: Not a json array: {"condition":"minecraft:random_chance_with_enchanted_bonus","enchanted_chance":{"type":"minecraft:linear","base":0.095,"per_level_above_first":0.01},"enchantment":"minecraft:looting","unenchanted_chance":0.085}; Not a json array: "minecraft:chainmail_boots"; Failed to parse either. First: Can't access registry ResourceKey[minecraft:root / minecraft:enchantment]; Second: Not a json array: {"condition":"minecraft:random_chance_with_enchanted_bonus","enchanted_chance":{"type":"minecraft:linear","base":0.095,"per_level_above_first":0.01},"enchantment":"minecraft:looting","unenchanted_chance":0.085}; Not a json array: "minecraft:chainmail_leggings"; Failed to parse either. First: Can't access registry ResourceKey[minecraft:root / minecraft:enchantment]; Second: Not a json array: {"condition":"minecraft:random_chance_with_enchanted_bonus","enchanted_chance":{"type":"minecraft:linear","base":0.095,"per_level_above_first":0.01},"enchantment":"minecraft:looting","unenchanted_chance":0.085}; Not a json array: "minecraft:chainmail_chestplate"; Failed to parse either. First: Can't access registry ResourceKey[minecraft:root / minecraft:enchantment]; Second: Not a json array: {"condition":"minecraft:random_chance_with_enchanted_bonus","enchanted_chance":{"type":"minecraft:linear","base":0.095,"per_level_above_first":0.01},"enchantment":"minecraft:looting","unenchanted_chance":0.085}; Not a json array: "minecraft:chainmail_helmet"; Failed to parse either. First: Can't access registry ResourceKey[minecraft:root / minecraft:enchantment]; Second: Not a json array: {"condition":"minecraft:random_chance_with_enchanted_bonus","enchanted_chance":{"type":"minecraft:linear","base":0.095,"per_level_above_first":0.01},"enchantment":"minecraft:looting","unenchanted_chance":0.085}; Not a json array: "minecraft:golden_boots"; Failed to parse either. First: Can't access registry ResourceKey[minecraft:root / minecraft:enchantment]; Second: Not a json array: {"condition":"minecraft:random_chance_with_enchanted_bonus","enchanted_chance":{"type":"minecraft:linear","base":0.095,"per_level_above_first":0.01},"enchantment":"minecraft:looting","unenchanted_chance":0.085}; Not a json array: "minecraft:golden_leggings"; Failed to parse either. First: Can't access registry ResourceKey[minecraft:root / minecraft:enchantment]; Second: Not a json array: {"condition":"minecraft:random_chance_with_enchanted_bonus","enchanted_chance":{"type":"minecraft:linear","base":0.095,"per_level_above_first":0.01},"enchantment":"minecraft:looting","unenchanted_chance":0.085}; Not a json array: "minecraft:golden_chestplate"; Failed to parse either. First: Can't access registry ResourceKey[minecraft:root / minecraft:enchantment]; Second: Not a json array: {"condition":"minecraft:random_chance_with_enchanted_bonus","enchanted_chance":{"type":"minecraft:linear","base":0.095,"per_level_above_first":0.01},"enchantment":"minecraft:looting","unenchanted_chance":0.085}; Not a json array: "minecraft:golden_helmet"; Failed to parse either. First: Can't access registry ResourceKey[minecraft:root / minecraft:enchantment]; Second: Not a json array: {"condition":"minecraft:random_chance_with_enchanted_bonus","enchanted_chance":{"type":"minecraft:linear","base":0.095,"per_level_above_first":0.01},"enchantment":"minecraft:looting","unenchanted_chance":0.085}; Not a json array: "minecraft:leather_boots"; Failed to parse either. First: Can't access registry ResourceKey[minecraft:root / minecraft:enchantment]; Second: Not a json array: {"condition":"minecraft:random_chance_with_enchanted_bonus","enchanted_chance":{"type":"minecraft:linear","base":0.095,"per_level_above_first":0.01},"enchantment":"minecraft:looting","unenchanted_chance":0.085}; Not a json array: "minecraft:leather_leggings"; Failed to parse either. First: Can't access registry ResourceKey[minecraft:root / minecraft:enchantment]; Second: Not a json array: {"condition":"minecraft:random_chance_with_enchanted_bonus","enchanted_chance":{"type":"minecraft:linear","base":0.095,"per_level_above_first":0.01},"enchantment":"minecraft:looting","unenchanted_chance":0.085}; Not a json array: "minecraft:leather_chestplate"; Failed to parse either. First: Can't access registry ResourceKey[minecraft:root / minecraft:enchantment]; Second: Not a json array: {"condition":"minecraft:random_chance_with_enchanted_bonus","enchanted_chance":{"type":"minecraft:linear","base":0.095,"per_level_above_first":0.01},"enchantment":"minecraft:looting","unenchanted_chance":0.085}; Not a json array: "minecraft:leather_helmet"; Failed to parse either. First: Can't access registry ResourceKey[minecraft:root / minecraft:enchantment]; Second: Not a json array: {"condition":"minecraft:random_chance_with_enchanted_bonus","enchanted_chance":{"type":"minecraft:linear","base":0.095,"per_level_above_first":0.01},"enchantment":"minecraft:looting","unenchanted_chance":0.085}; Not a json array: "minecraft:iron_sword"; Failed to parse either. First: Can't access registry ResourceKey[minecraft:root / minecraft:enchantment]; Second: Not a json array: {"condition":"minecraft:random_chance_with_enchanted_bonus","enchanted_chance":{"type":"minecraft:linear","base":0.095,"per_level_above_first":0.01},"enchantment":"minecraft:looting","unenchanted_chance":0.085}; Not a json array: "minecraft:iron_shovel"; Failed to parse either. First: Can't access registry ResourceKey[minecraft:root / minecraft:enchantment]; Second: Not a json array: {"condition":"minecraft:random_chance_with_enchanted_bonus","enchanted_chance":{"type":"minecraft:linear","base":0.095,"per_level_above_first":0.01},"enchantment":"minecraft:looting","unenchanted_chance":0.085}
[02:30:16] [main/WARN]: Failed to parse fake loot table minecraft:entities/pillager: Not a json array: "minecraft:crossbow"; Failed to parse either. First: Can't access registry ResourceKey[minecraft:root / minecraft:enchantment]; Second: Not a json array: {"condition":"minecraft:random_chance_with_enchanted_bonus","enchanted_chance":{"type":"minecraft:linear","base":0.095,"per_level_above_first":0.01},"enchantment":"minecraft:looting","unenchanted_chance":0.085}
[02:30:16] [main/WARN]: Failed to parse fake loot table minecraft:entities/skeleton: Not a json array: "minecraft:diamond_boots"; Failed to parse either. First: Can't access registry ResourceKey[minecraft:root / minecraft:enchantment]; Second: Not a json array: {"condition":"minecraft:random_chance_with_enchanted_bonus","enchanted_chance":{"type":"minecraft:linear","base":0.095,"per_level_above_first":0.01},"enchantment":"minecraft:looting","unenchanted_chance":0.085}; Not a json array: "minecraft:diamond_leggings"; Failed to parse either. First: Can't access registry ResourceKey[minecraft:root / minecraft:enchantment]; Second: Not a json array: {"condition":"minecraft:random_chance_with_enchanted_bonus","enchanted_chance":{"type":"minecraft:linear","base":0.095,"per_level_above_first":0.01},"enchantment":"minecraft:looting","unenchanted_chance":0.085}; Not a json array: "minecraft:diamond_chestplate"; Failed to parse either. First: Can't access registry ResourceKey[minecraft:root / minecraft:enchantment]; Second: Not a json array: {"condition":"minecraft:random_chance_with_enchanted_bonus","enchanted_chance":{"type":"minecraft:linear","base":0.095,"per_level_above_first":0.01},"enchantment":"minecraft:looting","unenchanted_chance":0.085}; Not a json array: "minecraft:diamond_helmet"; Failed to parse either. First: Can't access registry ResourceKey[minecraft:root / minecraft:enchantment]; Second: Not a json array: {"condition":"minecraft:random_chance_with_enchanted_bonus","enchanted_chance":{"type":"minecraft:linear","base":0.095,"per_level_above_first":0.01},"enchantment":"minecraft:looting","unenchanted_chance":0.085}; Not a json array: "minecraft:iron_boots"; Failed to parse either. First: Can't access registry ResourceKey[minecraft:root / minecraft:enchantment]; Second: Not a json array: {"condition":"minecraft:random_chance_with_enchanted_bonus","enchanted_chance":{"type":"minecraft:linear","base":0.095,"per_level_above_first":0.01},"enchantment":"minecraft:looting","unenchanted_chance":0.085}; Not a json array: "minecraft:iron_leggings"; Failed to parse either. First: Can't access registry ResourceKey[minecraft:root / minecraft:enchantment]; Second: Not a json array: {"condition":"minecraft:random_chance_with_enchanted_bonus","enchanted_chance":{"type":"minecraft:linear","base":0.095,"per_level_above_first":0.01},"enchantment":"minecraft:looting","unenchanted_chance":0.085}; Not a json array: "minecraft:iron_chestplate"; Failed to parse either. First: Can't access registry ResourceKey[minecraft:root / minecraft:enchantment]; Second: Not a json array: {"condition":"minecraft:random_chance_with_enchanted_bonus","enchanted_chance":{"type":"minecraft:linear","base":0.095,"per_level_above_first":0.01},"enchantment":"minecraft:looting","unenchanted_chance":0.085}; Not a json array: "minecraft:iron_helmet"; Failed to parse either. First: Can't access registry ResourceKey[minecraft:root / minecraft:enchantment]; Second: Not a json array: {"condition":"minecraft:random_chance_with_enchanted_bonus","enchanted_chance":{"type":"minecraft:linear","base":0.095,"per_level_above_first":0.01},"enchantment":"minecraft:looting","unenchanted_chance":0.085}; Not a json array: "minecraft:chainmail_boots"; Failed to parse either. First: Can't access registry ResourceKey[minecraft:root / minecraft:enchantment]; Second: Not a json array: {"condition":"minecraft:random_chance_with_enchanted_bonus","enchanted_chance":{"type":"minecraft:linear","base":0.095,"per_level_above_first":0.01},"enchantment":"minecraft:looting","unenchanted_chance":0.085}; Not a json array: "minecraft:chainmail_leggings"; Failed to parse either. First: Can't access registry ResourceKey[minecraft:root / minecraft:enchantment]; Second: Not a json array: {"condition":"minecraft:random_chance_with_enchanted_bonus","enchanted_chance":{"type":"minecraft:linear","base":0.095,"per_level_above_first":0.01},"enchantment":"minecraft:looting","unenchanted_chance":0.085}; Not a json array: "minecraft:chainmail_chestplate"; Failed to parse either. First: Can't access registry ResourceKey[minecraft:root / minecraft:enchantment]; Second: Not a json array: {"condition":"minecraft:random_chance_with_enchanted_bonus","enchanted_chance":{"type":"minecraft:linear","base":0.095,"per_level_above_first":0.01},"enchantment":"minecraft:looting","unenchanted_chance":0.085}; Not a json array: "minecraft:chainmail_helmet"; Failed to parse either. First: Can't access registry ResourceKey[minecraft:root / minecraft:enchantment]; Second: Not a json array: {"condition":"minecraft:random_chance_with_enchanted_bonus","enchanted_chance":{"type":"minecraft:linear","base":0.095,"per_level_above_first":0.01},"enchantment":"minecraft:looting","unenchanted_chance":0.085}; Not a json array: "minecraft:golden_boots"; Failed to parse either. First: Can't access registry ResourceKey[minecraft:root / minecraft:enchantment]; Second: Not a json array: {"condition":"minecraft:random_chance_with_enchanted_bonus","enchanted_chance":{"type":"minecraft:linear","base":0.095,"per_level_above_first":0.01},"enchantment":"minecraft:looting","unenchanted_chance":0.085}; Not a json array: "minecraft:golden_leggings"; Failed to parse either. First: Can't access registry ResourceKey[minecraft:root / minecraft:enchantment]; Second: Not a json array: {"condition":"minecraft:random_chance_with_enchanted_bonus","enchanted_chance":{"type":"minecraft:linear","base":0.095,"per_level_above_first":0.01},"enchantment":"minecraft:looting","unenchanted_chance":0.085}; Not a json array: "minecraft:golden_chestplate"; Failed to parse either. First: Can't access registry ResourceKey[minecraft:root / minecraft:enchantment]; Second: Not a json array: {"condition":"minecraft:random_chance_with_enchanted_bonus","enchanted_chance":{"type":"minecraft:linear","base":0.095,"per_level_above_first":0.01},"enchantment":"minecraft:looting","unenchanted_chance":0.085}; Not a json array: "minecraft:golden_helmet"; Failed to parse either. First: Can't access registry ResourceKey[minecraft:root / minecraft:enchantment]; Second: Not a json array: {"condition":"minecraft:random_chance_with_enchanted_bonus","enchanted_chance":{"type":"minecraft:linear","base":0.095,"per_level_above_first":0.01},"enchantment":"minecraft:looting","unenchanted_chance":0.085}; Not a json array: "minecraft:leather_boots"; Failed to parse either. First: Can't access registry ResourceKey[minecraft:root / minecraft:enchantment]; Second: Not a json array: {"condition":"minecraft:random_chance_with_enchanted_bonus","enchanted_chance":{"type":"minecraft:linear","base":0.095,"per_level_above_first":0.01},"enchantment":"minecraft:looting","unenchanted_chance":0.085}; Not a json array: "minecraft:leather_leggings"; Failed to parse either. First: Can't access registry ResourceKey[minecraft:root / minecraft:enchantment]; Second: Not a json array: {"condition":"minecraft:random_chance_with_enchanted_bonus","enchanted_chance":{"type":"minecraft:linear","base":0.095,"per_level_above_first":0.01},"enchantment":"minecraft:looting","unenchanted_chance":0.085}; Not a json array: "minecraft:leather_chestplate"; Failed to parse either. First: Can't access registry ResourceKey[minecraft:root / minecraft:enchantment]; Second: Not a json array: {"condition":"minecraft:random_chance_with_enchanted_bonus","enchanted_chance":{"type":"minecraft:linear","base":0.095,"per_level_above_first":0.01},"enchantment":"minecraft:looting","unenchanted_chance":0.085}; Not a json array: "minecraft:leather_helmet"; Failed to parse either. First: Can't access registry ResourceKey[minecraft:root / minecraft:enchantment]; Second: Not a json array: {"condition":"minecraft:random_chance_with_enchanted_bonus","enchanted_chance":{"type":"minecraft:linear","base":0.095,"per_level_above_first":0.01},"enchantment":"minecraft:looting","unenchanted_chance":0.085}; Not a json array: "minecraft:bow"; Failed to parse either. First: Can't access registry ResourceKey[minecraft:root / minecraft:enchantment]; Second: Not a json array: {"condition":"minecraft:random_chance_with_enchanted_bonus","enchanted_chance":{"type":"minecraft:linear","base":0.095,"per_level_above_first":0.01},"enchantment":"minecraft:looting","unenchanted_chance":0.085}; Not a json array: "minecraft:creeper"
[02:30:16] [main/WARN]: Failed to parse fake loot table minecraft:entities/piglin: Not a json array: "minecraft:golden_boots"; Failed to parse either. First: Can't access registry ResourceKey[minecraft:root / minecraft:enchantment]; Second: Not a json array: {"condition":"minecraft:random_chance_with_enchanted_bonus","enchanted_chance":{"type":"minecraft:linear","base":0.095,"per_level_above_first":0.01},"enchantment":"minecraft:looting","unenchanted_chance":0.085}; Not a json array: "minecraft:golden_leggings"; Failed to parse either. First: Can't access registry ResourceKey[minecraft:root / minecraft:enchantment]; Second: Not a json array: {"condition":"minecraft:random_chance_with_enchanted_bonus","enchanted_chance":{"type":"minecraft:linear","base":0.095,"per_level_above_first":0.01},"enchantment":"minecraft:looting","unenchanted_chance":0.085}; Not a json array: "minecraft:golden_chestplate"; Failed to parse either. First: Can't access registry ResourceKey[minecraft:root / minecraft:enchantment]; Second: Not a json array: {"condition":"minecraft:random_chance_with_enchanted_bonus","enchanted_chance":{"type":"minecraft:linear","base":0.095,"per_level_above_first":0.01},"enchantment":"minecraft:looting","unenchanted_chance":0.085}; Not a json array: "minecraft:golden_helmet"; Failed to parse either. First: Can't access registry ResourceKey[minecraft:root / minecraft:enchantment]; Second: Not a json array: {"condition":"minecraft:random_chance_with_enchanted_bonus","enchanted_chance":{"type":"minecraft:linear","base":0.095,"per_level_above_first":0.01},"enchantment":"minecraft:looting","unenchanted_chance":0.085}; Not a json array: "minecraft:crossbow"; Failed to parse either. First: Can't access registry ResourceKey[minecraft:root / minecraft:enchantment]; Second: Not a json array: {"condition":"minecraft:random_chance_with_enchanted_bonus","enchanted_chance":{"type":"minecraft:linear","base":0.095,"per_level_above_first":0.01},"enchantment":"minecraft:looting","unenchanted_chance":0.085}; Not a json array: "minecraft:golden_sword"; Failed to parse either. First: Can't access registry ResourceKey[minecraft:root / minecraft:enchantment]; Second: Not a json array: {"condition":"minecraft:random_chance_with_enchanted_bonus","enchanted_chance":{"type":"minecraft:linear","base":0.095,"per_level_above_first":0.01},"enchantment":"minecraft:looting","unenchanted_chance":0.085}; Not a json array: "minecraft:creeper"
[02:30:16] [main/WARN]: Failed to parse fake loot table minecraft:entities/stray: Not a json array: "minecraft:diamond_boots"; Failed to parse either. First: Can't access registry ResourceKey[minecraft:root / minecraft:enchantment]; Second: Not a json array: {"condition":"minecraft:random_chance_with_enchanted_bonus","enchanted_chance":{"type":"minecraft:linear","base":0.095,"per_level_above_first":0.01},"enchantment":"minecraft:looting","unenchanted_chance":0.085}; Not a json array: "minecraft:diamond_leggings"; Failed to parse either. First: Can't access registry ResourceKey[minecraft:root / minecraft:enchantment]; Second: Not a json array: {"condition":"minecraft:random_chance_with_enchanted_bonus","enchanted_chance":{"type":"minecraft:linear","base":0.095,"per_level_above_first":0.01},"enchantment":"minecraft:looting","unenchanted_chance":0.085}; Not a json array: "minecraft:diamond_chestplate"; Failed to parse either. First: Can't access registry ResourceKey[minecraft:root / minecraft:enchantment]; Second: Not a json array: {"condition":"minecraft:random_chance_with_enchanted_bonus","enchanted_chance":{"type":"minecraft:linear","base":0.095,"per_level_above_first":0.01},"enchantment":"minecraft:looting","unenchanted_chance":0.085}; Not a json array: "minecraft:diamond_helmet"; Failed to parse either. First: Can't access registry ResourceKey[minecraft:root / minecraft:enchantment]; Second: Not a json array: {"condition":"minecraft:random_chance_with_enchanted_bonus","enchanted_chance":{"type":"minecraft:linear","base":0.095,"per_level_above_first":0.01},"enchantment":"minecraft:looting","unenchanted_chance":0.085}; Not a json array: "minecraft:iron_boots"; Failed to parse either. First: Can't access registry ResourceKey[minecraft:root / minecraft:enchantment]; Second: Not a json array: {"condition":"minecraft:random_chance_with_enchanted_bonus","enchanted_chance":{"type":"minecraft:linear","base":0.095,"per_level_above_first":0.01},"enchantment":"minecraft:looting","unenchanted_chance":0.085}; Not a json array: "minecraft:iron_leggings"; Failed to parse either. First: Can't access registry ResourceKey[minecraft:root / minecraft:enchantment]; Second: Not a json array: {"condition":"minecraft:random_chance_with_enchanted_bonus","enchanted_chance":{"type":"minecraft:linear","base":0.095,"per_level_above_first":0.01},"enchantment":"minecraft:looting","unenchanted_chance":0.085}; Not a json array: "minecraft:iron_chestplate"; Failed to parse either. First: Can't access registry ResourceKey[minecraft:root / minecraft:enchantment]; Second: Not a json array: {"condition":"minecraft:random_chance_with_enchanted_bonus","enchanted_chance":{"type":"minecraft:linear","base":0.095,"per_level_above_first":0.01},"enchantment":"minecraft:looting","unenchanted_chance":0.085}; Not a json array: "minecraft:iron_helmet"; Failed to parse either. First: Can't access registry ResourceKey[minecraft:root / minecraft:enchantment]; Second: Not a json array: {"condition":"minecraft:random_chance_with_enchanted_bonus","enchanted_chance":{"type":"minecraft:linear","base":0.095,"per_level_above_first":0.01},"enchantment":"minecraft:looting","unenchanted_chance":0.085}; Not a json array: "minecraft:chainmail_boots"; Failed to parse either. First: Can't access registry ResourceKey[minecraft:root / minecraft:enchantment]; Second: Not a json array: {"condition":"minecraft:random_chance_with_enchanted_bonus","enchanted_chance":{"type":"minecraft:linear","base":0.095,"per_level_above_first":0.01},"enchantment":"minecraft:looting","unenchanted_chance":0.085}; Not a json array: "minecraft:chainmail_leggings"; Failed to parse either. First: Can't access registry ResourceKey[minecraft:root / minecraft:enchantment]; Second: Not a json array: {"condition":"minecraft:random_chance_with_enchanted_bonus","enchanted_chance":{"type":"minecraft:linear","base":0.095,"per_level_above_first":0.01},"enchantment":"minecraft:looting","unenchanted_chance":0.085}; Not a json array: "minecraft:chainmail_chestplate"; Failed to parse either. First: Can't access registry ResourceKey[minecraft:root / minecraft:enchantment]; Second: Not a json array: {"condition":"minecraft:random_chance_with_enchanted_bonus","enchanted_chance":{"type":"minecraft:linear","base":0.095,"per_level_above_first":0.01},"enchantment":"minecraft:looting","unenchanted_chance":0.085}; Not a json array: "minecraft:chainmail_helmet"; Failed to parse either. First: Can't access registry ResourceKey[minecraft:root / minecraft:enchantment]; Second: Not a json array: {"condition":"minecraft:random_chance_with_enchanted_bonus","enchanted_chance":{"type":"minecraft:linear","base":0.095,"per_level_above_first":0.01},"enchantment":"minecraft:looting","unenchanted_chance":0.085}; Not a json array: "minecraft:golden_boots"; Failed to parse either. First: Can't access registry ResourceKey[minecraft:root / minecraft:enchantment]; Second: Not a json array: {"condition":"minecraft:random_chance_with_enchanted_bonus","enchanted_chance":{"type":"minecraft:linear","base":0.095,"per_level_above_first":0.01},"enchantment":"minecraft:looting","unenchanted_chance":0.085}; Not a json array: "minecraft:golden_leggings"; Failed to parse either. First: Can't access registry ResourceKey[minecraft:root / minecraft:enchantment]; Second: Not a json array: {"condition":"minecraft:random_chance_with_enchanted_bonus","enchanted_chance":{"type":"minecraft:linear","base":0.095,"per_level_above_first":0.01},"enchantment":"minecraft:looting","unenchanted_chance":0.085}; Not a json array: "minecraft:golden_chestplate"; Failed to parse either. First: Can't access registry ResourceKey[minecraft:root / minecraft:enchantment]; Second: Not a json array: {"condition":"minecraft:random_chance_with_enchanted_bonus","enchanted_chance":{"type":"minecraft:linear","base":0.095,"per_level_above_first":0.01},"enchantment":"minecraft:looting","unenchanted_chance":0.085}; Not a json array: "minecraft:golden_helmet"; Failed to parse either. First: Can't access registry ResourceKey[minecraft:root / minecraft:enchantment]; Second: Not a json array: {"condition":"minecraft:random_chance_with_enchanted_bonus","enchanted_chance":{"type":"minecraft:linear","base":0.095,"per_level_above_first":0.01},"enchantment":"minecraft:looting","unenchanted_chance":0.085}; Not a json array: "minecraft:leather_boots"; Failed to parse either. First: Can't access registry ResourceKey[minecraft:root / minecraft:enchantment]; Second: Not a json array: {"condition":"minecraft:random_chance_with_enchanted_bonus","enchanted_chance":{"type":"minecraft:linear","base":0.095,"per_level_above_first":0.01},"enchantment":"minecraft:looting","unenchanted_chance":0.085}; Not a json array: "minecraft:leather_leggings"; Failed to parse either. First: Can't access registry ResourceKey[minecraft:root / minecraft:enchantment]; Second: Not a json array: {"condition":"minecraft:random_chance_with_enchanted_bonus","enchanted_chance":{"type":"minecraft:linear","base":0.095,"per_level_above_first":0.01},"enchantment":"minecraft:looting","unenchanted_chance":0.085}; Not a json array: "minecraft:leather_chestplate"; Failed to parse either. First: Can't access registry ResourceKey[minecraft:root / minecraft:enchantment]; Second: Not a json array: {"condition":"minecraft:random_chance_with_enchanted_bonus","enchanted_chance":{"type":"minecraft:linear","base":0.095,"per_level_above_first":0.01},"enchantment":"minecraft:looting","unenchanted_chance":0.085}; Not a json array: "minecraft:leather_helmet"; Failed to parse either. First: Can't access registry ResourceKey[minecraft:root / minecraft:enchantment]; Second: Not a json array: {"condition":"minecraft:random_chance_with_enchanted_bonus","enchanted_chance":{"type":"minecraft:linear","base":0.095,"per_level_above_first":0.01},"enchantment":"minecraft:looting","unenchanted_chance":0.085}; Not a json array: "minecraft:bow"; Failed to parse either. First: Can't access registry ResourceKey[minecraft:root / minecraft:enchantment]; Second: Not a json array: {"condition":"minecraft:random_chance_with_enchanted_bonus","enchanted_chance":{"type":"minecraft:linear","base":0.095,"per_level_above_first":0.01},"enchantment":"minecraft:looting","unenchanted_chance":0.085}
[02:30:16] [main/WARN]: Failed to parse fake loot table minecraft:entities/zombie: Not a json array: "minecraft:diamond_boots"; Failed to parse either. First: Can't access registry ResourceKey[minecraft:root / minecraft:enchantment]; Second: Not a json array: {"condition":"minecraft:random_chance_with_enchanted_bonus","enchanted_chance":{"type":"minecraft:linear","base":0.095,"per_level_above_first":0.01},"enchantment":"minecraft:looting","unenchanted_chance":0.085}; Not a json array: "minecraft:diamond_leggings"; Failed to parse either. First: Can't access registry ResourceKey[minecraft:root / minecraft:enchantment]; Second: Not a json array: {"condition":"minecraft:random_chance_with_enchanted_bonus","enchanted_chance":{"type":"minecraft:linear","base":0.095,"per_level_above_first":0.01},"enchantment":"minecraft:looting","unenchanted_chance":0.085}; Not a json array: "minecraft:diamond_chestplate"; Failed to parse either. First: Can't access registry ResourceKey[minecraft:root / minecraft:enchantment]; Second: Not a json array: {"condition":"minecraft:random_chance_with_enchanted_bonus","enchanted_chance":{"type":"minecraft:linear","base":0.095,"per_level_above_first":0.01},"enchantment":"minecraft:looting","unenchanted_chance":0.085}; Not a json array: "minecraft:diamond_helmet"; Failed to parse either. First: Can't access registry ResourceKey[minecraft:root / minecraft:enchantment]; Second: Not a json array: {"condition":"minecraft:random_chance_with_enchanted_bonus","enchanted_chance":{"type":"minecraft:linear","base":0.095,"per_level_above_first":0.01},"enchantment":"minecraft:looting","unenchanted_chance":0.085}; Not a json array: "minecraft:iron_boots"; Failed to parse either. First: Can't access registry ResourceKey[minecraft:root / minecraft:enchantment]; Second: Not a json array: {"condition":"minecraft:random_chance_with_enchanted_bonus","enchanted_chance":{"type":"minecraft:linear","base":0.095,"per_level_above_first":0.01},"enchantment":"minecraft:looting","unenchanted_chance":0.085}; Not a json array: "minecraft:iron_leggings"; Failed to parse either. First: Can't access registry ResourceKey[minecraft:root / minecraft:enchantment]; Second: Not a json array: {"condition":"minecraft:random_chance_with_enchanted_bonus","enchanted_chance":{"type":"minecraft:linear","base":0.095,"per_level_above_first":0.01},"enchantment":"minecraft:looting","unenchanted_chance":0.085}; Not a json array: "minecraft:iron_chestplate"; Failed to parse either. First: Can't access registry ResourceKey[minecraft:root / minecraft:enchantment]; Second: Not a json array: {"condition":"minecraft:random_chance_with_enchanted_bonus","enchanted_chance":{"type":"minecraft:linear","base":0.095,"per_level_above_first":0.01},"enchantment":"minecraft:looting","unenchanted_chance":0.085}; Not a json array: "minecraft:iron_helmet"; Failed to parse either. First: Can't access registry ResourceKey[minecraft:root / minecraft:enchantment]; Second: Not a json array: {"condition":"minecraft:random_chance_with_enchanted_bonus","enchanted_chance":{"type":"minecraft:linear","base":0.095,"per_level_above_first":0.01},"enchantment":"minecraft:looting","unenchanted_chance":0.085}; Not a json array: "minecraft:chainmail_boots"; Failed to parse either. First: Can't access registry ResourceKey[minecraft:root / minecraft:enchantment]; Second: Not a json array: {"condition":"minecraft:random_chance_with_enchanted_bonus","enchanted_chance":{"type":"minecraft:linear","base":0.095,"per_level_above_first":0.01},"enchantment":"minecraft:looting","unenchanted_chance":0.085}; Not a json array: "minecraft:chainmail_leggings"; Failed to parse either. First: Can't access registry ResourceKey[minecraft:root / minecraft:enchantment]; Second: Not a json array: {"condition":"minecraft:random_chance_with_enchanted_bonus","enchanted_chance":{"type":"minecraft:linear","base":0.095,"per_level_above_first":0.01},"enchantment":"minecraft:looting","unenchanted_chance":0.085}; Not a json array: "minecraft:chainmail_chestplate"; Failed to parse either. First: Can't access registry ResourceKey[minecraft:root / minecraft:enchantment]; Second: Not a json array: {"condition":"minecraft:random_chance_with_enchanted_bonus","enchanted_chance":{"type":"minecraft:linear","base":0.095,"per_level_above_first":0.01},"enchantment":"minecraft:looting","unenchanted_chance":0.085}; Not a json array: "minecraft:chainmail_helmet"; Failed to parse either. First: Can't access registry ResourceKey[minecraft:root / minecraft:enchantment]; Second: Not a json array: {"condition":"minecraft:random_chance_with_enchanted_bonus","enchanted_chance":{"type":"minecraft:linear","base":0.095,"per_level_above_first":0.01},"enchantment":"minecraft:looting","unenchanted_chance":0.085}; Not a json array: "minecraft:golden_boots"; Failed to parse either. First: Can't access registry ResourceKey[minecraft:root / minecraft:enchantment]; Second: Not a json array: {"condition":"minecraft:random_chance_with_enchanted_bonus","enchanted_chance":{"type":"minecraft:linear","base":0.095,"per_level_above_first":0.01},"enchantment":"minecraft:looting","unenchanted_chance":0.085}; Not a json array: "minecraft:golden_leggings"; Failed to parse either. First: Can't access registry ResourceKey[minecraft:root / minecraft:enchantment]; Second: Not a json array: {"condition":"minecraft:random_chance_with_enchanted_bonus","enchanted_chance":{"type":"minecraft:linear","base":0.095,"per_level_above_first":0.01},"enchantment":"minecraft:looting","unenchanted_chance":0.085}; Not a json array: "minecraft:golden_chestplate"; Failed to parse either. First: Can't access registry ResourceKey[minecraft:root / minecraft:enchantment]; Second: Not a json array: {"condition":"minecraft:random_chance_with_enchanted_bonus","enchanted_chance":{"type":"minecraft:linear","base":0.095,"per_level_above_first":0.01},"enchantment":"minecraft:looting","unenchanted_chance":0.085}; Not a json array: "minecraft:golden_helmet"; Failed to parse either. First: Can't access registry ResourceKey[minecraft:root / minecraft:enchantment]; Second: Not a json array: {"condition":"minecraft:random_chance_with_enchanted_bonus","enchanted_chance":{"type":"minecraft:linear","base":0.095,"per_level_above_first":0.01},"enchantment":"minecraft:looting","unenchanted_chance":0.085}; Not a json array: "minecraft:leather_boots"; Failed to parse either. First: Can't access registry ResourceKey[minecraft:root / minecraft:enchantment]; Second: Not a json array: {"condition":"minecraft:random_chance_with_enchanted_bonus","enchanted_chance":{"type":"minecraft:linear","base":0.095,"per_level_above_first":0.01},"enchantment":"minecraft:looting","unenchanted_chance":0.085}; Not a json array: "minecraft:leather_leggings"; Failed to parse either. First: Can't access registry ResourceKey[minecraft:root / minecraft:enchantment]; Second: Not a json array: {"condition":"minecraft:random_chance_with_enchanted_bonus","enchanted_chance":{"type":"minecraft:linear","base":0.095,"per_level_above_first":0.01},"enchantment":"minecraft:looting","unenchanted_chance":0.085}; Not a json array: "minecraft:leather_chestplate"; Failed to parse either. First: Can't access registry ResourceKey[minecraft:root / minecraft:enchantment]; Second: Not a json array: {"condition":"minecraft:random_chance_with_enchanted_bonus","enchanted_chance":{"type":"minecraft:linear","base":0.095,"per_level_above_first":0.01},"enchantment":"minecraft:looting","unenchanted_chance":0.085}; Not a json array: "minecraft:leather_helmet"; Failed to parse either. First: Can't access registry ResourceKey[minecraft:root / minecraft:enchantment]; Second: Not a json array: {"condition":"minecraft:random_chance_with_enchanted_bonus","enchanted_chance":{"type":"minecraft:linear","base":0.095,"per_level_above_first":0.01},"enchantment":"minecraft:looting","unenchanted_chance":0.085}; Not a json array: "minecraft:iron_sword"; Failed to parse either. First: Can't access registry ResourceKey[minecraft:root / minecraft:enchantment]; Second: Not a json array: {"condition":"minecraft:random_chance_with_enchanted_bonus","enchanted_chance":{"type":"minecraft:linear","base":0.095,"per_level_above_first":0.01},"enchantment":"minecraft:looting","unenchanted_chance":0.085}; Not a json array: "minecraft:iron_shovel"; Failed to parse either. First: Can't access registry ResourceKey[minecraft:root / minecraft:enchantment]; Second: Not a json array: {"condition":"minecraft:random_chance_with_enchanted_bonus","enchanted_chance":{"type":"minecraft:linear","base":0.095,"per_level_above_first":0.01},"enchantment":"minecraft:looting","unenchanted_chance":0.085}; Not a json array: "minecraft:creeper"
[02:30:16] [main/WARN]: Failed to parse fake loot table minecraft:entities/bogged: Not a json array: "minecraft:diamond_boots"; Failed to parse either. First: Can't access registry ResourceKey[minecraft:root / minecraft:enchantment]; Second: Not a json array: {"condition":"minecraft:random_chance_with_enchanted_bonus","enchanted_chance":{"type":"minecraft:linear","base":0.095,"per_level_above_first":0.01},"enchantment":"minecraft:looting","unenchanted_chance":0.085}; Not a json array: "minecraft:diamond_leggings"; Failed to parse either. First: Can't access registry ResourceKey[minecraft:root / minecraft:enchantment]; Second: Not a json array: {"condition":"minecraft:random_chance_with_enchanted_bonus","enchanted_chance":{"type":"minecraft:linear","base":0.095,"per_level_above_first":0.01},"enchantment":"minecraft:looting","unenchanted_chance":0.085}; Not a json array: "minecraft:diamond_chestplate"; Failed to parse either. First: Can't access registry ResourceKey[minecraft:root / minecraft:enchantment]; Second: Not a json array: {"condition":"minecraft:random_chance_with_enchanted_bonus","enchanted_chance":{"type":"minecraft:linear","base":0.095,"per_level_above_first":0.01},"enchantment":"minecraft:looting","unenchanted_chance":0.085}; Not a json array: "minecraft:diamond_helmet"; Failed to parse either. First: Can't access registry ResourceKey[minecraft:root / minecraft:enchantment]; Second: Not a json array: {"condition":"minecraft:random_chance_with_enchanted_bonus","enchanted_chance":{"type":"minecraft:linear","base":0.095,"per_level_above_first":0.01},"enchantment":"minecraft:looting","unenchanted_chance":0.085}; Not a json array: "minecraft:iron_boots"; Failed to parse either. First: Can't access registry ResourceKey[minecraft:root / minecraft:enchantment]; Second: Not a json array: {"condition":"minecraft:random_chance_with_enchanted_bonus","enchanted_chance":{"type":"minecraft:linear","base":0.095,"per_level_above_first":0.01},"enchantment":"minecraft:looting","unenchanted_chance":0.085}; Not a json array: "minecraft:iron_leggings"; Failed to parse either. First: Can't access registry ResourceKey[minecraft:root / minecraft:enchantment]; Second: Not a json array: {"condition":"minecraft:random_chance_with_enchanted_bonus","enchanted_chance":{"type":"minecraft:linear","base":0.095,"per_level_above_first":0.01},"enchantment":"minecraft:looting","unenchanted_chance":0.085}; Not a json array: "minecraft:iron_chestplate"; Failed to parse either. First: Can't access registry ResourceKey[minecraft:root / minecraft:enchantment]; Second: Not a json array: {"condition":"minecraft:random_chance_with_enchanted_bonus","enchanted_chance":{"type":"minecraft:linear","base":0.095,"per_level_above_first":0.01},"enchantment":"minecraft:looting","unenchanted_chance":0.085}; Not a json array: "minecraft:iron_helmet"; Failed to parse either. First: Can't access registry ResourceKey[minecraft:root / minecraft:enchantment]; Second: Not a json array: {"condition":"minecraft:random_chance_with_enchanted_bonus","enchanted_chance":{"type":"minecraft:linear","base":0.095,"per_level_above_first":0.01},"enchantment":"minecraft:looting","unenchanted_chance":0.085}; Not a json array: "minecraft:chainmail_boots"; Failed to parse either. First: Can't access registry ResourceKey[minecraft:root / minecraft:enchantment]; Second: Not a json array: {"condition":"minecraft:random_chance_with_enchanted_bonus","enchanted_chance":{"type":"minecraft:linear","base":0.095,"per_level_above_first":0.01},"enchantment":"minecraft:looting","unenchanted_chance":0.085}; Not a json array: "minecraft:chainmail_leggings"; Failed to parse either. First: Can't access registry ResourceKey[minecraft:root / minecraft:enchantment]; Second: Not a json array: {"condition":"minecraft:random_chance_with_enchanted_bonus","enchanted_chance":{"type":"minecraft:linear","base":0.095,"per_level_above_first":0.01},"enchantment":"minecraft:looting","unenchanted_chance":0.085}; Not a json array: "minecraft:chainmail_chestplate"; Failed to parse either. First: Can't access registry ResourceKey[minecraft:root / minecraft:enchantment]; Second: Not a json array: {"condition":"minecraft:random_chance_with_enchanted_bonus","enchanted_chance":{"type":"minecraft:linear","base":0.095,"per_level_above_first":0.01},"enchantment":"minecraft:looting","unenchanted_chance":0.085}; Not a json array: "minecraft:chainmail_helmet"; Failed to parse either. First: Can't access registry ResourceKey[minecraft:root / minecraft:enchantment]; Second: Not a json array: {"condition":"minecraft:random_chance_with_enchanted_bonus","enchanted_chance":{"type":"minecraft:linear","base":0.095,"per_level_above_first":0.01},"enchantment":"minecraft:looting","unenchanted_chance":0.085}; Not a json array: "minecraft:golden_boots"; Failed to parse either. First: Can't access registry ResourceKey[minecraft:root / minecraft:enchantment]; Second: Not a json array: {"condition":"minecraft:random_chance_with_enchanted_bonus","enchanted_chance":{"type":"minecraft:linear","base":0.095,"per_level_above_first":0.01},"enchantment":"minecraft:looting","unenchanted_chance":0.085}; Not a json array: "minecraft:golden_leggings"; Failed to parse either. First: Can't access registry ResourceKey[minecraft:root / minecraft:enchantment]; Second: Not a json array: {"condition":"minecraft:random_chance_with_enchanted_bonus","enchanted_chance":{"type":"minecraft:linear","base":0.095,"per_level_above_first":0.01},"enchantment":"minecraft:looting","unenchanted_chance":0.085}; Not a json array: "minecraft:golden_chestplate"; Failed to parse either. First: Can't access registry ResourceKey[minecraft:root / minecraft:enchantment]; Second: Not a json array: {"condition":"minecraft:random_chance_with_enchanted_bonus","enchanted_chance":{"type":"minecraft:linear","base":0.095,"per_level_above_first":0.01},"enchantment":"minecraft:looting","unenchanted_chance":0.085}; Not a json array: "minecraft:golden_helmet"; Failed to parse either. First: Can't access registry ResourceKey[minecraft:root / minecraft:enchantment]; Second: Not a json array: {"condition":"minecraft:random_chance_with_enchanted_bonus","enchanted_chance":{"type":"minecraft:linear","base":0.095,"per_level_above_first":0.01},"enchantment":"minecraft:looting","unenchanted_chance":0.085}; Not a json array: "minecraft:leather_boots"; Failed to parse either. First: Can't access registry ResourceKey[minecraft:root / minecraft:enchantment]; Second: Not a json array: {"condition":"minecraft:random_chance_with_enchanted_bonus","enchanted_chance":{"type":"minecraft:linear","base":0.095,"per_level_above_first":0.01},"enchantment":"minecraft:looting","unenchanted_chance":0.085}; Not a json array: "minecraft:leather_leggings"; Failed to parse either. First: Can't access registry ResourceKey[minecraft:root / minecraft:enchantment]; Second: Not a json array: {"condition":"minecraft:random_chance_with_enchanted_bonus","enchanted_chance":{"type":"minecraft:linear","base":0.095,"per_level_above_first":0.01},"enchantment":"minecraft:looting","unenchanted_chance":0.085}; Not a json array: "minecraft:leather_chestplate"; Failed to parse either. First: Can't access registry ResourceKey[minecraft:root / minecraft:enchantment]; Second: Not a json array: {"condition":"minecraft:random_chance_with_enchanted_bonus","enchanted_chance":{"type":"minecraft:linear","base":0.095,"per_level_above_first":0.01},"enchantment":"minecraft:looting","unenchanted_chance":0.085}; Not a json array: "minecraft:leather_helmet"; Failed to parse either. First: Can't access registry ResourceKey[minecraft:root / minecraft:enchantment]; Second: Not a json array: {"condition":"minecraft:random_chance_with_enchanted_bonus","enchanted_chance":{"type":"minecraft:linear","base":0.095,"per_level_above_first":0.01},"enchantment":"minecraft:looting","unenchanted_chance":0.085}; Not a json array: "minecraft:bow"; Failed to parse either. First: Can't access registry ResourceKey[minecraft:root / minecraft:enchantment]; Second: Not a json array: {"condition":"minecraft:random_chance_with_enchanted_bonus","enchanted_chance":{"type":"minecraft:linear","base":0.095,"per_level_above_first":0.01},"enchantment":"minecraft:looting","unenchanted_chance":0.085}
[02:30:16] [main/WARN]: Failed to parse fake loot table minecraft:entities/drowned: Not a json array: "minecraft:nautilus_shell"; Not a json array: "minecraft:fishing_rod"; Failed to parse either. First: Can't access registry ResourceKey[minecraft:root / minecraft:enchantment]; Second: Not a json array: {"condition":"minecraft:random_chance_with_enchanted_bonus","enchanted_chance":{"type":"minecraft:linear","base":0.095,"per_level_above_first":0.01},"enchantment":"minecraft:looting","unenchanted_chance":0.085}; Not a json array: "minecraft:trident"; Failed to parse either. First: Can't access registry ResourceKey[minecraft:root / minecraft:enchantment]; Second: Not a json array: {"condition":"minecraft:random_chance_with_enchanted_bonus","enchanted_chance":{"type":"minecraft:linear","base":0.095,"per_level_above_first":0.01},"enchantment":"minecraft:looting","unenchanted_chance":0.085}
[02:30:16] [main/WARN]: Failed to parse fake loot table minecraft:entities/fox: Not a json array: "minecraft:feather"; Not a json array: "minecraft:leather"; Not a json array: "minecraft:wheat"; Not a json array: "minecraft:egg"; Not a json array: "minecraft:rabbit_hide"; Not a json array: "minecraft:rabbit_foot"; Not a json array: "minecraft:emerald"
[02:30:16] [main/WARN]: Failed to parse fake loot table minecraft:entities/vindicator: Not a json array: "minecraft:iron_axe"; Failed to parse either. First: Can't access registry ResourceKey[minecraft:root / minecraft:enchantment]; Second: Not a json array: {"condition":"minecraft:random_chance_with_enchanted_bonus","enchanted_chance":{"type":"minecraft:linear","base":0.095,"per_level_above_first":0.01},"enchantment":"minecraft:looting","unenchanted_chance":0.085}
[02:30:16] [main/WARN]: Failed to parse fake loot table minecraft:entities/witch: Not a json array: "minecraft:potion"; Failed to parse either. First: Can't access registry ResourceKey[minecraft:root / minecraft:enchantment]; Second: Not a json array: {"condition":"minecraft:random_chance_with_enchanted_bonus","enchanted_chance":{"type":"minecraft:linear","base":0.095,"per_level_above_first":0.01},"enchantment":"minecraft:looting","unenchanted_chance":0.085}; Not a json array: "minecraft:potion"; Failed to parse either. First: Can't access registry ResourceKey[minecraft:root / minecraft:enchantment]; Second: Not a json array: {"condition":"minecraft:random_chance_with_enchanted_bonus","enchanted_chance":{"type":"minecraft:linear","base":0.095,"per_level_above_first":0.01},"enchantment":"minecraft:looting","unenchanted_chance":0.085}; Not a json array: "minecraft:potion"; Failed to parse either. First: Can't access registry ResourceKey[minecraft:root / minecraft:enchantment]; Second: Not a json array: {"condition":"minecraft:random_chance_with_enchanted_bonus","enchanted_chance":{"type":"minecraft:linear","base":0.095,"per_level_above_first":0.01},"enchantment":"minecraft:looting","unenchanted_chance":0.085}; Not a json array: "minecraft:potion"; Failed to parse either. First: Can't access registry ResourceKey[minecraft:root / minecraft:enchantment]; Second: Not a json array: {"condition":"minecraft:random_chance_with_enchanted_bonus","enchanted_chance":{"type":"minecraft:linear","base":0.095,"per_level_above_first":0.01},"enchantment":"minecraft:looting","unenchanted_chance":0.085}
[02:30:16] [main/WARN]: Failed to parse fake loot table minecraft:entities/husk: Not a json array: "minecraft:diamond_boots"; Failed to parse either. First: Can't access registry ResourceKey[minecraft:root / minecraft:enchantment]; Second: Not a json array: {"condition":"minecraft:random_chance_with_enchanted_bonus","enchanted_chance":{"type":"minecraft:linear","base":0.095,"per_level_above_first":0.01},"enchantment":"minecraft:looting","unenchanted_chance":0.085}; Not a json array: "minecraft:diamond_leggings"; Failed to parse either. First: Can't access registry ResourceKey[minecraft:root / minecraft:enchantment]; Second: Not a json array: {"condition":"minecraft:random_chance_with_enchanted_bonus","enchanted_chance":{"type":"minecraft:linear","base":0.095,"per_level_above_first":0.01},"enchantment":"minecraft:looting","unenchanted_chance":0.085}; Not a json array: "minecraft:diamond_chestplate"; Failed to parse either. First: Can't access registry ResourceKey[minecraft:root / minecraft:enchantment]; Second: Not a json array: {"condition":"minecraft:random_chance_with_enchanted_bonus","enchanted_chance":{"type":"minecraft:linear","base":0.095,"per_level_above_first":0.01},"enchantment":"minecraft:looting","unenchanted_chance":0.085}; Not a json array: "minecraft:diamond_helmet"; Failed to parse either. First: Can't access registry ResourceKey[minecraft:root / minecraft:enchantment]; Second: Not a json array: {"condition":"minecraft:random_chance_with_enchanted_bonus","enchanted_chance":{"type":"minecraft:linear","base":0.095,"per_level_above_first":0.01},"enchantment":"minecraft:looting","unenchanted_chance":0.085}; Not a json array: "minecraft:iron_boots"; Failed to parse either. First: Can't access registry ResourceKey[minecraft:root / minecraft:enchantment]; Second: Not a json array: {"condition":"minecraft:random_chance_with_enchanted_bonus","enchanted_chance":{"type":"minecraft:linear","base":0.095,"per_level_above_first":0.01},"enchantment":"minecraft:looting","unenchanted_chance":0.085}; Not a json array: "minecraft:iron_leggings"; Failed to parse either. First: Can't access registry ResourceKey[minecraft:root / minecraft:enchantment]; Second: Not a json array: {"condition":"minecraft:random_chance_with_enchanted_bonus","enchanted_chance":{"type":"minecraft:linear","base":0.095,"per_level_above_first":0.01},"enchantment":"minecraft:looting","unenchanted_chance":0.085}; Not a json array: "minecraft:iron_chestplate"; Failed to parse either. First: Can't access registry ResourceKey[minecraft:root / minecraft:enchantment]; Second: Not a json array: {"condition":"minecraft:random_chance_with_enchanted_bonus","enchanted_chance":{"type":"minecraft:linear","base":0.095,"per_level_above_first":0.01},"enchantment":"minecraft:looting","unenchanted_chance":0.085}; Not a json array: "minecraft:iron_helmet"; Failed to parse either. First: Can't access registry ResourceKey[minecraft:root / minecraft:enchantment]; Second: Not a json array: {"condition":"minecraft:random_chance_with_enchanted_bonus","enchanted_chance":{"type":"minecraft:linear","base":0.095,"per_level_above_first":0.01},"enchantment":"minecraft:looting","unenchanted_chance":0.085}; Not a json array: "minecraft:chainmail_boots"; Failed to parse either. First: Can't access registry ResourceKey[minecraft:root / minecraft:enchantment]; Second: Not a json array: {"condition":"minecraft:random_chance_with_enchanted_bonus","enchanted_chance":{"type":"minecraft:linear","base":0.095,"per_level_above_first":0.01},"enchantment":"minecraft:looting","unenchanted_chance":0.085}; Not a json array: "minecraft:chainmail_leggings"; Failed to parse either. First: Can't access registry ResourceKey[minecraft:root / minecraft:enchantment]; Second: Not a json array: {"condition":"minecraft:random_chance_with_enchanted_bonus","enchanted_chance":{"type":"minecraft:linear","base":0.095,"per_level_above_first":0.01},"enchantment":"minecraft:looting","unenchanted_chance":0.085}; Not a json array: "minecraft:chainmail_chestplate"; Failed to parse either. First: Can't access registry ResourceKey[minecraft:root / minecraft:enchantment]; Second: Not a json array: {"condition":"minecraft:random_chance_with_enchanted_bonus","enchanted_chance":{"type":"minecraft:linear","base":0.095,"per_level_above_first":0.01},"enchantment":"minecraft:looting","unenchanted_chance":0.085}; Not a json array: "minecraft:chainmail_helmet"; Failed to parse either. First: Can't access registry ResourceKey[minecraft:root / minecraft:enchantment]; Second: Not a json array: {"condition":"minecraft:random_chance_with_enchanted_bonus","enchanted_chance":{"type":"minecraft:linear","base":0.095,"per_level_above_first":0.01},"enchantment":"minecraft:looting","unenchanted_chance":0.085}; Not a json array: "minecraft:golden_boots"; Failed to parse either. First: Can't access registry ResourceKey[minecraft:root / minecraft:enchantment]; Second: Not a json array: {"condition":"minecraft:random_chance_with_enchanted_bonus","enchanted_chance":{"type":"minecraft:linear","base":0.095,"per_level_above_first":0.01},"enchantment":"minecraft:looting","unenchanted_chance":0.085}; Not a json array: "minecraft:golden_leggings"; Failed to parse either. First: Can't access registry ResourceKey[minecraft:root / minecraft:enchantment]; Second: Not a json array: {"condition":"minecraft:random_chance_with_enchanted_bonus","enchanted_chance":{"type":"minecraft:linear","base":0.095,"per_level_above_first":0.01},"enchantment":"minecraft:looting","unenchanted_chance":0.085}; Not a json array: "minecraft:golden_chestplate"; Failed to parse either. First: Can't access registry ResourceKey[minecraft:root / minecraft:enchantment]; Second: Not a json array: {"condition":"minecraft:random_chance_with_enchanted_bonus","enchanted_chance":{"type":"minecraft:linear","base":0.095,"per_level_above_first":0.01},"enchantment":"minecraft:looting","unenchanted_chance":0.085}; Not a json array: "minecraft:golden_helmet"; Failed to parse either. First: Can't access registry ResourceKey[minecraft:root / minecraft:enchantment]; Second: Not a json array: {"condition":"minecraft:random_chance_with_enchanted_bonus","enchanted_chance":{"type":"minecraft:linear","base":0.095,"per_level_above_first":0.01},"enchantment":"minecraft:looting","unenchanted_chance":0.085}; Not a json array: "minecraft:leather_boots"; Failed to parse either. First: Can't access registry ResourceKey[minecraft:root / minecraft:enchantment]; Second: Not a json array: {"condition":"minecraft:random_chance_with_enchanted_bonus","enchanted_chance":{"type":"minecraft:linear","base":0.095,"per_level_above_first":0.01},"enchantment":"minecraft:looting","unenchanted_chance":0.085}; Not a json array: "minecraft:leather_leggings"; Failed to parse either. First: Can't access registry ResourceKey[minecraft:root / minecraft:enchantment]; Second: Not a json array: {"condition":"minecraft:random_chance_with_enchanted_bonus","enchanted_chance":{"type":"minecraft:linear","base":0.095,"per_level_above_first":0.01},"enchantment":"minecraft:looting","unenchanted_chance":0.085}; Not a json array: "minecraft:leather_chestplate"; Failed to parse either. First: Can't access registry ResourceKey[minecraft:root / minecraft:enchantment]; Second: Not a json array: {"condition":"minecraft:random_chance_with_enchanted_bonus","enchanted_chance":{"type":"minecraft:linear","base":0.095,"per_level_above_first":0.01},"enchantment":"minecraft:looting","unenchanted_chance":0.085}; Not a json array: "minecraft:leather_helmet"; Failed to parse either. First: Can't access registry ResourceKey[minecraft:root / minecraft:enchantment]; Second: Not a json array: {"condition":"minecraft:random_chance_with_enchanted_bonus","enchanted_chance":{"type":"minecraft:linear","base":0.095,"per_level_above_first":0.01},"enchantment":"minecraft:looting","unenchanted_chance":0.085}; Not a json array: "minecraft:iron_sword"; Failed to parse either. First: Can't access registry ResourceKey[minecraft:root / minecraft:enchantment]; Second: Not a json array: {"condition":"minecraft:random_chance_with_enchanted_bonus","enchanted_chance":{"type":"minecraft:linear","base":0.095,"per_level_above_first":0.01},"enchantment":"minecraft:looting","unenchanted_chance":0.085}; Not a json array: "minecraft:iron_shovel"; Failed to parse either. First: Can't access registry ResourceKey[minecraft:root / minecraft:enchantment]; Second: Not a json array: {"condition":"minecraft:random_chance_with_enchanted_bonus","enchanted_chance":{"type":"minecraft:linear","base":0.095,"per_level_above_first":0.01},"enchantment":"minecraft:looting","unenchanted_chance":0.085}
[02:30:16] [main/WARN]: Failed to parse fake loot table minecraft:entities/wandering_trader: Not a json array: "minecraft:potion"; Failed to parse either. First: Can't access registry ResourceKey[minecraft:root / minecraft:enchantment]; Second: Not a json array: {"condition":"minecraft:random_chance_with_enchanted_bonus","enchanted_chance":{"type":"minecraft:linear","base":0.095,"per_level_above_first":0.01},"enchantment":"minecraft:looting","unenchanted_chance":0.085}; Not a json array: "minecraft:milk_bucket"; Failed to parse either. First: Can't access registry ResourceKey[minecraft:root / minecraft:enchantment]; Second: Not a json array: {"condition":"minecraft:random_chance_with_enchanted_bonus","enchanted_chance":{"type":"minecraft:linear","base":0.095,"per_level_above_first":0.01},"enchantment":"minecraft:looting","unenchanted_chance":0.085}
[02:30:16] [main/WARN]: Failed to parse fake loot table minecraft:entities/zombified_piglin: Not a json array: "minecraft:golden_boots"; Failed to parse either. First: Can't access registry ResourceKey[minecraft:root / minecraft:enchantment]; Second: Not a json array: {"condition":"minecraft:random_chance_with_enchanted_bonus","enchanted_chance":{"type":"minecraft:linear","base":0.095,"per_level_above_first":0.01},"enchantment":"minecraft:looting","unenchanted_chance":0.085}; Not a json array: "minecraft:golden_leggings"; Failed to parse either. First: Can't access registry ResourceKey[minecraft:root / minecraft:enchantment]; Second: Not a json array: {"condition":"minecraft:random_chance_with_enchanted_bonus","enchanted_chance":{"type":"minecraft:linear","base":0.095,"per_level_above_first":0.01},"enchantment":"minecraft:looting","unenchanted_chance":0.085}; Not a json array: "minecraft:golden_chestplate"; Failed to parse either. First: Can't access registry ResourceKey[minecraft:root / minecraft:enchantment]; Second: Not a json array: {"condition":"minecraft:random_chance_with_enchanted_bonus","enchanted_chance":{"type":"minecraft:linear","base":0.095,"per_level_above_first":0.01},"enchantment":"minecraft:looting","unenchanted_chance":0.085}; Not a json array: "minecraft:golden_helmet"; Failed to parse either. First: Can't access registry ResourceKey[minecraft:root / minecraft:enchantment]; Second: Not a json array: {"condition":"minecraft:random_chance_with_enchanted_bonus","enchanted_chance":{"type":"minecraft:linear","base":0.095,"per_level_above_first":0.01},"enchantment":"minecraft:looting","unenchanted_chance":0.085}; Not a json array: "minecraft:warped_fungus_on_a_stick"; Failed to parse either. First: Can't access registry ResourceKey[minecraft:root / minecraft:enchantment]; Second: Not a json array: {"condition":"minecraft:random_chance_with_enchanted_bonus","enchanted_chance":{"type":"minecraft:linear","base":0.095,"per_level_above_first":0.01},"enchantment":"minecraft:looting","unenchanted_chance":0.085}; Not a json array: "minecraft:crossbow"; Failed to parse either. First: Can't access registry ResourceKey[minecraft:root / minecraft:enchantment]; Second: Not a json array: {"condition":"minecraft:random_chance_with_enchanted_bonus","enchanted_chance":{"type":"minecraft:linear","base":0.095,"per_level_above_first":0.01},"enchantment":"minecraft:looting","unenchanted_chance":0.085}; Not a json array: "minecraft:golden_axe"; Failed to parse either. First: Can't access registry ResourceKey[minecraft:root / minecraft:enchantment]; Second: Not a json array: {"condition":"minecraft:random_chance_with_enchanted_bonus","enchanted_chance":{"type":"minecraft:linear","base":0.095,"per_level_above_first":0.01},"enchantment":"minecraft:looting","unenchanted_chance":0.085}; Not a json array: "minecraft:golden_sword"; Failed to parse either. First: Can't access registry ResourceKey[minecraft:root / minecraft:enchantment]; Second: Not a json array: {"condition":"minecraft:random_chance_with_enchanted_bonus","enchanted_chance":{"type":"minecraft:linear","base":0.095,"per_level_above_first":0.01},"enchantment":"minecraft:looting","unenchanted_chance":0.085}
[02:30:16] [main/WARN]: Failed to parse fake loot table minecraft:entities/creeper: Not a json array: "minecraft:creeper"
[02:30:16] [main/WARN]: Failed to parse fake loot table minecraft:entities/wither_skeleton: Not a json array: "minecraft:stone_sword"; Failed to parse either. First: Can't access registry ResourceKey[minecraft:root / minecraft:enchantment]; Second: Not a json array: {"condition":"minecraft:random_chance_with_enchanted_bonus","enchanted_chance":{"type":"minecraft:linear","base":0.095,"per_level_above_first":0.01},"enchantment":"minecraft:looting","unenchanted_chance":0.085}
[02:30:16] [main/INFO]: Loaded 1 moobloom variants
[02:30:16] [main/INFO]: Loaded 32 entity animations
[02:30:16] [main/INFO]: Loaded config for: lootintegrations.json
[02:30:16] [main/INFO]: Applied 31 data villager trades
[02:30:16] [main/INFO]: Failed to load custom color set definition {"id":"quark:rune","colors":{"default":"quark:blank_rune"},"replace":false}. Ignoring
[02:30:16] [main/INFO]: Failed to load custom color set definition {"id":"quark:shard","colors":{"default":"quark:clear_shard"},"replace":false}. Ignoring
[02:30:16] [main/INFO]: [Fabric Seasons] Successfully loaded 33 custom crop configs.
[02:30:16] [main/INFO]: Loaded 29 flute songs
[02:30:16] [main/INFO]: Clearing Entity Type to Temperature Effect cache
[02:30:16] [main/INFO]: Loaded 5 temperature effects
[02:30:16] [main/INFO]: Reloading grave shape (server)
[02:30:16] [main/INFO]: Grave model and shape reload successful (server)
[02:30:16] [main/INFO]: Reloading YIGD graveyard data (server)
[02:30:16] [main/INFO]: Graveyard data successfully reloaded (server)
[02:30:16] [main/INFO]: Reloading YIGD grave area overrides (server)
[02:30:16] [main/INFO]: Grave area overrides successfully reloaded (server)
[02:30:16] [main/WARN]: Not all defined tags for registry ResourceKey[minecraft:root / minecraft:item] are present in data pack: c:ingots/lead, c:storage_blocks/lead
[02:30:17] [main/INFO]: Registering custom dispenser behaviors
[02:30:18] [main/INFO]: Updating Pickers for WoVer - The End  BiomeSource (27d190cc)
[02:30:18] [main/INFO]: Added 5 Biomes
[02:30:18] [main/INFO]:  - betterend:neon_oasis, subbiomes=1
[02:30:18] [main/INFO]:  - minecraft:end_midlands, subbiomes=1
[02:30:18] [main/INFO]:  - minecraft:end_barrens, subbiomes=1
[02:30:18] [main/INFO]:  - betterend:painted_mountains, subbiomes=1
[02:30:18] [main/INFO]:  - betterend:megalake_grove, subbiomes=1
[02:30:18] [main/INFO]: No Barrens Biomes found. Disabling by using land Biomes
[02:30:18] [main/INFO]: Make sure features are loaded from terrablender:org.betterx.wover.generator.impl.biomesource.end.WoverEndBiomeSource
[02:30:18] [main/INFO]: Created WoverChunkGenerator with org.betterx.wover.generator.impl.biomesource.end.WoverEndBiomeSource
[02:30:18] [main/INFO]: Updating Pickers for WoVer - Nether BiomeSource (286d6bf6)
[02:30:18] [main/INFO]: Added 11 Biomes
[02:30:18] [main/INFO]:  - betternether:sulfuric_bone_reef, subbiomes=1
[02:30:18] [main/INFO]:  - betternether:nether_swampland_terraces, subbiomes=1
[02:30:18] [main/INFO]:  - betternether:upside_down_forest_cleared, subbiomes=1
[02:30:18] [main/INFO]:  - betternether:crimson_glowing_woods, subbiomes=1
[02:30:18] [main/INFO]:  - betternether:flooded_deltas, subbiomes=1
[02:30:18] [main/INFO]:  - betternether:old_fungiwoods, subbiomes=1
[02:30:18] [main/INFO]:  - betternether:poor_nether_grasslands, subbiomes=1
[02:30:18] [main/INFO]:  - betternether:old_warped_woods, subbiomes=1
[02:30:18] [main/INFO]:  - betternether:old_swampland, subbiomes=1
[02:30:18] [main/INFO]:  - betternether:crimson_pinewood, subbiomes=1
[02:30:18] [main/INFO]:  - betternether:soul_plain, subbiomes=1
[02:30:18] [main/INFO]: Make sure features are loaded from terrablender:org.betterx.wover.generator.impl.biomesource.nether.WoverNetherBiomeSource
[02:30:18] [main/INFO]: Created WoverChunkGenerator with org.betterx.wover.generator.impl.biomesource.nether.WoverNetherBiomeSource
[02:30:18] [main/INFO]: Added Tags for 1 fabric biomes in 71.97 ms
[02:30:18] [main/INFO]: Updating Pickers for WoVer - Nether BiomeSource (286d6bf6)
[02:30:18] [main/INFO]: Added 11 Biomes
[02:30:18] [main/INFO]:  - betternether:sulfuric_bone_reef, subbiomes=1
[02:30:18] [main/INFO]:  - betternether:nether_swampland_terraces, subbiomes=1
[02:30:18] [main/INFO]:  - betternether:upside_down_forest_cleared, subbiomes=1
[02:30:18] [main/INFO]:  - betternether:crimson_glowing_woods, subbiomes=1
[02:30:18] [main/INFO]:  - betternether:flooded_deltas, subbiomes=1
[02:30:18] [main/INFO]:  - betternether:old_fungiwoods, subbiomes=1
[02:30:18] [main/INFO]:  - betternether:poor_nether_grasslands, subbiomes=1
[02:30:18] [main/INFO]:  - betternether:old_warped_woods, subbiomes=1
[02:30:18] [main/INFO]:  - betternether:old_swampland, subbiomes=1
[02:30:18] [main/INFO]:  - betternether:crimson_pinewood, subbiomes=1
[02:30:18] [main/INFO]:  - betternether:soul_plain, subbiomes=1
[02:30:18] [main/INFO]: Updating Pickers for WoVer - Nether BiomeSource (6fda2f7a)
[02:30:18] [main/INFO]: Added 11 Biomes
[02:30:18] [main/INFO]:  - betternether:sulfuric_bone_reef, subbiomes=1
[02:30:18] [main/INFO]:  - betternether:nether_swampland_terraces, subbiomes=1
[02:30:18] [main/INFO]:  - betternether:upside_down_forest_cleared, subbiomes=1
[02:30:18] [main/INFO]:  - betternether:crimson_glowing_woods, subbiomes=1
[02:30:18] [main/INFO]:  - betternether:flooded_deltas, subbiomes=1
[02:30:18] [main/INFO]:  - betternether:old_fungiwoods, subbiomes=1
[02:30:18] [main/INFO]:  - betternether:poor_nether_grasslands, subbiomes=1
[02:30:18] [main/INFO]:  - betternether:old_warped_woods, subbiomes=1
[02:30:18] [main/INFO]:  - betternether:old_swampland, subbiomes=1
[02:30:18] [main/INFO]:  - betternether:crimson_pinewood, subbiomes=1
[02:30:18] [main/INFO]:  - betternether:soul_plain, subbiomes=1
[02:30:18] [main/INFO]: Updating Pickers for WoVer - Nether BiomeSource (6fda2f7a)
[02:30:18] [main/INFO]: Added 11 Biomes
[02:30:18] [main/INFO]:  - betternether:sulfuric_bone_reef, subbiomes=1
[02:30:18] [main/INFO]:  - betternether:nether_swampland_terraces, subbiomes=1
[02:30:18] [main/INFO]:  - betternether:upside_down_forest_cleared, subbiomes=1
[02:30:18] [main/INFO]:  - betternether:crimson_glowing_woods, subbiomes=1
[02:30:18] [main/INFO]:  - betternether:flooded_deltas, subbiomes=1
[02:30:18] [main/INFO]:  - betternether:old_fungiwoods, subbiomes=1
[02:30:18] [main/INFO]:  - betternether:poor_nether_grasslands, subbiomes=1
[02:30:18] [main/INFO]:  - betternether:old_warped_woods, subbiomes=1
[02:30:18] [main/INFO]:  - betternether:old_swampland, subbiomes=1
[02:30:18] [main/INFO]:  - betternether:crimson_pinewood, subbiomes=1
[02:30:18] [main/INFO]:  - betternether:soul_plain, subbiomes=1
[02:30:18] [main/INFO]: Added 6 biomes to wover:is_end/highland in 5.868 ms
[02:30:18] [main/INFO]: Updating Pickers for WoVer - The End  BiomeSource (27d190cc)
[02:30:18] [main/INFO]: Added 5 Biomes
[02:30:18] [main/INFO]:  - betterend:neon_oasis, subbiomes=1
[02:30:18] [main/INFO]:  - minecraft:end_midlands, subbiomes=1
[02:30:18] [main/INFO]:  - minecraft:end_barrens, subbiomes=1
[02:30:18] [main/INFO]:  - betterend:painted_mountains, subbiomes=1
[02:30:18] [main/INFO]:  - betterend:megalake_grove, subbiomes=1
[02:30:18] [main/INFO]: No Barrens Biomes found. Disabling by using land Biomes
[02:30:18] [main/INFO]: Updating Pickers for WoVer - The End  BiomeSource (208eac42)
[02:30:18] [main/INFO]: Added 5 Biomes
[02:30:18] [main/INFO]:  - betterend:neon_oasis, subbiomes=1
[02:30:18] [main/INFO]:  - minecraft:end_midlands, subbiomes=1
[02:30:18] [main/INFO]:  - minecraft:end_barrens, subbiomes=1
[02:30:18] [main/INFO]:  - betterend:painted_mountains, subbiomes=1
[02:30:18] [main/INFO]:  - betterend:megalake_grove, subbiomes=1
[02:30:18] [main/INFO]: No Barrens Biomes found. Disabling by using land Biomes
[02:30:18] [main/INFO]: Updating Pickers for WoVer - The End  BiomeSource (208eac42)
[02:30:18] [main/INFO]: Added 5 Biomes
[02:30:18] [main/INFO]:  - betterend:neon_oasis, subbiomes=1
[02:30:18] [main/INFO]:  - minecraft:end_midlands, subbiomes=1
[02:30:18] [main/INFO]:  - minecraft:end_barrens, subbiomes=1
[02:30:18] [main/INFO]:  - betterend:painted_mountains, subbiomes=1
[02:30:18] [main/INFO]:  - betterend:megalake_grove, subbiomes=1
[02:30:18] [main/INFO]: No Barrens Biomes found. Disabling by using land Biomes
[02:30:18] [main/WARN]: Initial datapack load took 24.97 s
[02:30:19] [main/INFO]: Updating Pickers for WoVer - Nether BiomeSource (6fda2f7a)
[02:30:19] [main/INFO]: Added 11 Biomes
[02:30:19] [main/INFO]:  - betternether:sulfuric_bone_reef, subbiomes=1
[02:30:19] [main/INFO]:  - betternether:nether_swampland_terraces, subbiomes=1
[02:30:19] [main/INFO]:  - betternether:upside_down_forest_cleared, subbiomes=1
[02:30:19] [main/INFO]:  - betternether:crimson_glowing_woods, subbiomes=1
[02:30:19] [main/INFO]:  - betternether:flooded_deltas, subbiomes=1
[02:30:19] [main/INFO]:  - betternether:old_fungiwoods, subbiomes=1
[02:30:19] [main/INFO]:  - betternether:poor_nether_grasslands, subbiomes=1
[02:30:19] [main/INFO]:  - betternether:old_warped_woods, subbiomes=1
[02:30:19] [main/INFO]:  - betternether:old_swampland, subbiomes=1
[02:30:19] [main/INFO]:  - betternether:crimson_pinewood, subbiomes=1
[02:30:19] [main/INFO]:  - betternether:soul_plain, subbiomes=1
[02:30:19] [main/INFO]: Updating Pickers for WoVer - The End  BiomeSource (208eac42)
[02:30:19] [main/INFO]: Added 5 Biomes
[02:30:19] [main/INFO]:  - betterend:neon_oasis, subbiomes=1
[02:30:19] [main/INFO]:  - minecraft:end_midlands, subbiomes=1
[02:30:19] [main/INFO]:  - minecraft:end_barrens, subbiomes=1
[02:30:19] [main/INFO]:  - betterend:painted_mountains, subbiomes=1
[02:30:19] [main/INFO]:  - betterend:megalake_grove, subbiomes=1
[02:30:19] [main/INFO]: No Barrens Biomes found. Disabling by using land Biomes
[02:30:19] [main/INFO]: Applied 198 biome modifications and added 171 tags to 171 of 253 biomes in 156.6 ms
[02:30:20] [main/INFO]: Initialized TerraBlender biomes for level stem minecraft:overworld
[02:30:20] [main/INFO]: Applied 2577 biome modifications to 253 of 253 new biomes in 194.1 ms
[02:30:20] [Server thread/INFO]: Dispatching loading event for config barteringstation-server.toml
[02:30:20] [Server thread/INFO]: Dispatching loading event for config convenienteffects-server.toml
[02:30:20] [Server thread/INFO]: Dispatching loading event for config easyanvils-server.toml
[02:30:20] [Server thread/INFO]: Dispatching loading event for config easymagic-server.toml
[02:30:20] [Server thread/INFO]: Dispatching loading event for config illagerinvasion-server.toml
[02:30:20] [Server thread/INFO]: Dispatching loading event for config leavesbegone-server.toml
[02:30:20] [Server thread/INFO]: Dispatching loading event for config magnumtorch-server.toml
[02:30:21] [Server thread/INFO]: Dispatching loading event for config netherchested-server.toml
[02:30:21] [Server thread/INFO]: Dispatching loading event for config skeletonaifix-server.toml
[02:30:21] [Server thread/INFO]: Dispatching loading event for config tradingpost-server.toml
[02:30:21] [Server thread/INFO]: loaded team data: 1 known players, 1 teams total
[02:30:21] [Server thread/INFO]: Config 'explorations.json' was successfully loaded.
[02:30:21] [Server thread/INFO]: Added statues to vanilla villages
[02:30:21] [Server thread/INFO]: Loading server configs...
[02:30:21] [Server thread/INFO]: Adding waystone fwaystones:village_waystone to village kaisyn:village/flower_forest_japanese/houses
[02:30:21] [Server thread/ERROR]: Cannot add to kaisyn:village/flower_forest_japanese/houses as it cannot be found!
[02:30:21] [Server thread/INFO]: Adding waystone fwaystones:desert_village_waystone to village ctov:village/desert_oasis/house
[02:30:21] [Server thread/ERROR]: Cannot add to ctov:village/desert_oasis/house as it cannot be found!
[02:30:21] [Server thread/INFO]: Adding waystone fwaystones:village_waystone to village ctov:village/mountain_alpine/house
[02:30:21] [Server thread/ERROR]: Cannot add to ctov:village/mountain_alpine/house as it cannot be found!
[02:30:21] [Server thread/INFO]: Adding waystone fwaystones:village_waystone to village kaisyn:village/beach_lighthouse/side
[02:30:21] [Server thread/ERROR]: Cannot add to kaisyn:village/beach_lighthouse/side as it cannot be found!
[02:30:21] [Server thread/INFO]: Adding waystone fwaystones:village_waystone to village ctov:village/savanna_na/house
[02:30:21] [Server thread/ERROR]: Cannot add to ctov:village/savanna_na/house as it cannot be found!
[02:30:21] [Server thread/INFO]: Adding waystone fwaystones:village_waystone to village ctov:village/swamp/house
[02:30:21] [Server thread/ERROR]: Cannot add to ctov:village/swamp/house as it cannot be found!
[02:30:21] [Server thread/INFO]: Adding waystone fwaystones:village_waystone to village minecraft:village/savanna/houses
[02:30:21] [Server thread/INFO]: Adding waystone fwaystones:village_waystone to village ctov:village/snowy_igloo/house
[02:30:21] [Server thread/ERROR]: Cannot add to ctov:village/snowy_igloo/house as it cannot be found!
[02:30:21] [Server thread/INFO]: Adding waystone fwaystones:village_waystone to village kaisyn:village/exclusives/nilotic/houses
[02:30:21] [Server thread/ERROR]: Cannot add to kaisyn:village/exclusives/nilotic/houses as it cannot be found!
[02:30:21] [Server thread/INFO]: Adding waystone fwaystones:village_waystone to village kaisyn:village/badlands_pueblo/houses
[02:30:21] [Server thread/ERROR]: Cannot add to kaisyn:village/badlands_pueblo/houses as it cannot be found!
[02:30:21] [Server thread/INFO]: Adding waystone fwaystones:village_waystone to village kaisyn:village/exclusives/tudor/houses
[02:30:21] [Server thread/ERROR]: Cannot add to kaisyn:village/exclusives/tudor/houses as it cannot be found!
[02:30:21] [Server thread/INFO]: Adding waystone fwaystones:village_waystone to village ctov:village/mushroom/house
[02:30:21] [Server thread/ERROR]: Cannot add to ctov:village/mushroom/house as it cannot be found!
[02:30:21] [Server thread/INFO]: Adding waystone fwaystones:village_waystone to village kaisyn:village/exclusives/mediterranean/houses/regular
[02:30:21] [Server thread/ERROR]: Cannot add to kaisyn:village/exclusives/mediterranean/houses/regular as it cannot be found!
[02:30:21] [Server thread/INFO]: Adding waystone fwaystones:village_waystone to village minecraft:village/taiga/houses
[02:30:21] [Server thread/INFO]: Adding waystone fwaystones:village_waystone to village kaisyn:village/birch_forest_romanian/houses
[02:30:21] [Server thread/ERROR]: Cannot add to kaisyn:village/birch_forest_romanian/houses as it cannot be found!
[02:30:21] [Server thread/INFO]: Adding waystone fwaystones:red_desert_village_waystone to village ctov:village/mesa_fortified/house
[02:30:21] [Server thread/ERROR]: Cannot add to ctov:village/mesa_fortified/house as it cannot be found!
[02:30:21] [Server thread/INFO]: Adding waystone fwaystones:village_waystone to village kaisyn:village/exclusives/classic/houses
[02:30:21] [Server thread/ERROR]: Cannot add to kaisyn:village/exclusives/classic/houses as it cannot be found!
[02:30:21] [Server thread/INFO]: Adding waystone fwaystones:village_waystone to village kaisyn:village/exclusives/wandering_trader_camp/side
[02:30:21] [Server thread/ERROR]: Cannot add to kaisyn:village/exclusives/wandering_trader_camp/side as it cannot be found!
[02:30:21] [Server thread/INFO]: Adding waystone fwaystones:desert_village_waystone to village ctov:village/desert/house
[02:30:21] [Server thread/ERROR]: Cannot add to ctov:village/desert/house as it cannot be found!
[02:30:21] [Server thread/INFO]: Adding waystone fwaystones:village_waystone to village kaisyn:village/exclusives/rustic/houses
[02:30:21] [Server thread/ERROR]: Cannot add to kaisyn:village/exclusives/rustic/houses as it cannot be found!
[02:30:21] [Server thread/INFO]: Adding waystone fwaystones:desert_village_waystone to village minecraft:village/desert/houses
[02:30:21] [Server thread/INFO]: Adding waystone fwaystones:village_waystone to village ctov:village/savanna/house
[02:30:21] [Server thread/ERROR]: Cannot add to ctov:village/savanna/house as it cannot be found!
[02:30:21] [Server thread/INFO]: Adding waystone fwaystones:desert_village_waystone to village ctov:village/beach/house
[02:30:21] [Server thread/ERROR]: Cannot add to ctov:village/beach/house as it cannot be found!
[02:30:21] [Server thread/INFO]: Adding waystone fwaystones:village_waystone to village minecraft:village/plains/houses
[02:30:21] [Server thread/INFO]: Adding waystone fwaystones:village_waystone to village ctov:village/taiga/house
[02:30:21] [Server thread/ERROR]: Cannot add to ctov:village/taiga/house as it cannot be found!
[02:30:21] [Server thread/INFO]: Adding waystone fwaystones:stone_brick_village_waystone to village ctov:village/underground/house
[02:30:21] [Server thread/ERROR]: Cannot add to ctov:village/underground/house as it cannot be found!
[02:30:21] [Server thread/INFO]: Adding waystone fwaystones:red_desert_village_waystone to village ctov:village/mesa/house
[02:30:21] [Server thread/ERROR]: Cannot add to ctov:village/mesa/house as it cannot be found!
[02:30:21] [Server thread/INFO]: Adding waystone fwaystones:village_waystone to village kaisyn:village/grove_villager_outpost/decor
[02:30:21] [Server thread/ERROR]: Cannot add to kaisyn:village/grove_villager_outpost/decor as it cannot be found!
[02:30:21] [Server thread/INFO]: Adding waystone fwaystones:mossy_stone_brick_village_waystone to village ctov:village/jungle/house
[02:30:21] [Server thread/ERROR]: Cannot add to ctov:village/jungle/house as it cannot be found!
[02:30:21] [Server thread/INFO]: Adding waystone fwaystones:village_waystone to village ctov:village/mountain/house
[02:30:21] [Server thread/ERROR]: Cannot add to ctov:village/mountain/house as it cannot be found!
[02:30:21] [Server thread/INFO]: Adding waystone fwaystones:village_waystone to village ctov:village/halloween/house
[02:30:21] [Server thread/ERROR]: Cannot add to ctov:village/halloween/house as it cannot be found!
[02:30:21] [Server thread/INFO]: Adding waystone fwaystones:village_waystone to village kaisyn:village/jungle_tribal/houses
[02:30:21] [Server thread/ERROR]: Cannot add to kaisyn:village/jungle_tribal/houses as it cannot be found!
[02:30:21] [Server thread/INFO]: Adding waystone fwaystones:village_waystone to village kaisyn:village/exclusives/iberian/houses
[02:30:21] [Server thread/ERROR]: Cannot add to kaisyn:village/exclusives/iberian/houses as it cannot be found!
[02:30:21] [Server thread/INFO]: Adding waystone fwaystones:village_waystone to village ctov:village/christmas/house
[02:30:21] [Server thread/ERROR]: Cannot add to ctov:village/christmas/house as it cannot be found!
[02:30:21] [Server thread/INFO]: Adding waystone fwaystones:village_waystone to village minecraft:village/snowy/houses
[02:30:21] [Server thread/INFO]: Adding waystone fwaystones:village_waystone to village ctov:village/plains/house
[02:30:21] [Server thread/ERROR]: Cannot add to ctov:village/plains/house as it cannot be found!
[02:30:21] [Server thread/INFO]: Adding waystone fwaystones:village_waystone to village ctov:village/swamp_fortified/house
[02:30:21] [Server thread/ERROR]: Cannot add to ctov:village/swamp_fortified/house as it cannot be found!
[02:30:21] [Server thread/INFO]: Adding waystone fwaystones:village_waystone to village ctov:village/plains_fortified/house
[02:30:21] [Server thread/ERROR]: Cannot add to ctov:village/plains_fortified/house as it cannot be found!
[02:30:21] [Server thread/INFO]: Adding waystone fwaystones:village_waystone to village ctov:village/taiga_fortified/house
[02:30:21] [Server thread/ERROR]: Cannot add to ctov:village/taiga_fortified/house as it cannot be found!
[02:30:21] [Server thread/INFO]: Adding waystone fwaystones:village_waystone to village kaisyn:village/exclusives/swedish/houses
[02:30:21] [Server thread/ERROR]: Cannot add to kaisyn:village/exclusives/swedish/houses as it cannot be found!
[02:30:21] [Server thread/INFO]: Adding waystone fwaystones:mossy_stone_brick_village_waystone to village ctov:village/jungle_tree/house
[02:30:21] [Server thread/ERROR]: Cannot add to ctov:village/jungle_tree/house as it cannot be found!
[02:30:21] [Server thread/INFO]: Loaded structure spawn modifier for: ResourceKey[minecraft:worldgen/structure / minecraft:ocean_ruin_warm]
[02:30:21] [Server thread/INFO]: Loaded structure spawn modifier for: ResourceKey[minecraft:worldgen/structure / minecraft:ruined_portal_ocean]
[02:30:21] [Server thread/INFO]: Loaded structure spawn modifier for: ResourceKey[minecraft:worldgen/structure / minecraft:shipwreck]
[02:30:21] [Server thread/INFO]: Injecting Carpenter Village Houses
[02:30:21] [Server thread/INFO]: Starting background profiler...
[02:30:23] [Server thread/INFO]: Invalidated damage temperature effect registry cache
[02:30:23] [Server thread/INFO]: Initializing environment controller...
[02:30:23] [Server thread/INFO]: Validating POI types and professions...
[02:30:23] [Server thread/INFO]: POI type validation: 10 valid, 0 invalid
[02:30:23] [Server thread/INFO]: Profession validation: 10 valid, 0 invalid
[02:30:23] [Server thread/INFO]: Cleared biome mappings cache
[02:30:23] [Server thread/INFO]: Registered 3 biome-to-villager-type mappings from villagerpacks
[02:30:23] [Server thread/INFO]: Registering trades for 10 professions from packs
[02:30:23] [Server thread/INFO]: Registered trades from pack: woodworker
[02:30:23] [Server thread/INFO]: Registered trades from pack: oceanographer
[02:30:23] [Server thread/INFO]: Registered trades from pack: netherian
[02:30:23] [Server thread/INFO]: Registered trades from pack: miner
[02:30:23] [Server thread/INFO]: Registered trades from pack: iceman
[02:30:23] [Server thread/INFO]: Registered trades from pack: hunter
[02:30:23] [Server thread/INFO]: Registered trades from pack: florist
[02:30:23] [Server thread/INFO]: Registered trades from pack: explorer
[02:30:23] [Server thread/INFO]: Registered trades from pack: engineer
[02:30:23] [Server thread/INFO]: Registered trades from pack: enderian
[02:30:23] [Server thread/INFO]: Server starting initialization complete
[02:30:23] [Server thread/INFO]: Loading XaeroLib common 2/2!
[02:30:23] [Server thread/INFO]: Loading XaeroLib server 2/2!
[02:30:23] [Server thread/INFO]: Starting minecraft server version 1.21.1
[02:30:23] [Server thread/INFO]: Loading properties
[02:30:23] [Server thread/INFO]: Default game type: SURVIVAL
[02:30:23] [Server thread/INFO]: Generating keypair
[02:30:23] [Server thread/INFO]: Starting Minecraft server on *:25565
[02:30:23] [Server thread/INFO]: Using epoll channel type
[02:30:23] [Server thread/INFO]: Using epoll channel type
[02:30:24] [Server thread/WARN]: **** SERVER IS RUNNING IN OFFLINE/INSECURE MODE!
[02:30:24] [Server thread/WARN]: The server will make no attempt to authenticate usernames. Beware.
[02:30:24] [Server thread/WARN]: While this makes the game possible to play without internet access, it also opens up the ability for hackers to connect with any username they choose.
[02:30:24] [Server thread/WARN]: To change this, set "online-mode" to "true" in the server.properties file.
[02:30:24] [Server thread/INFO]: Preparing level "world"
[02:30:24] [Server thread/INFO]: Initializing Open Parties and Claims for the server...
[02:30:24] [Server thread/INFO]: Loading server info!
[02:30:24] [luna_minecraft-init/INFO]: request to 'us.mc.lunapixel.gg' took 478574014 ns
[02:30:24] [luna_minecraft-init/INFO]: choosing 'us.mc.lunapixel.gg' as the best relay candidate
[02:30:24] [Server thread/INFO]: Loading player configs...
[02:30:24] [Server thread/INFO]: Loaded player configs!
[02:30:24] [Server thread/INFO]: Loading parties...
[02:30:24] [Server thread/INFO]: Loaded parties!
[02:30:24] [Server thread/INFO]: Fixing party inconsistencies...
[02:30:24] [Server thread/INFO]: Registered party system for OPAC: default
[02:30:24] [Server thread/INFO]: Registered party system for OPAC: ftb_teams
[02:30:24] [Server thread/INFO]: Registered permission system for OPAC: permission_api
[02:30:24] [Server thread/INFO]: Loading claims...
[02:30:24] [Server thread/INFO]: Loaded claims in 2ms
[02:30:24] [Server thread/WARN]: The configured permission system "prometheus" isn't registered!
[02:30:24] [Server thread/INFO]: Configured OPAC to use the following permission system: permission_api
[02:30:24] [Server thread/WARN]: The configured primary party system "argonauts_guilds" isn't registered!
[02:30:24] [Server thread/INFO]: Configured OPAC to use the following party system as primary: default
[02:30:24] [Server thread/INFO]: [Fabrication] Loading of features.ini done in 8.912 ms with 0 warnings
[02:30:24] [luna_minecraft-init/INFO]: request to 'eu.mc.lunapixel.gg' took 353482584 ns
[02:30:24] [luna_minecraft-init/INFO]: choosing 'eu.mc.lunapixel.gg' as the best relay candidate
[02:30:24] [luna_minecraft-init/INFO]: using relay custom
[02:30:24] [Server thread/INFO]: World Dimensions: 
 - minecraft:the_nether: 
     WoVer - Chunk Generator (70d001ed)
         preset     = wover:normal
         noise      = minecraft:nether
         features   = minecraft(35), eternalnether(1), repurposed_structures(2), betternether(95), biomesoplenty(27), supplementaries(1), mynethersdelight(1), hearths(14)
     WoVer - Nether BiomeSource (6fda2f7a)
         biomes     = 32
         namespaces = betternether(22), minecraft(5), biomesoplenty(5)
         seed       = 5588846222499651855
         height     = 128
         config     = NetherConfig{mapVersion=hex, useVerticalBiomes=true, biomeSize=16, biomeSizeVertical=5}
 - voidz:void: 
     VoidChunkGenerator (2b7fc974)
         preset     = none
         features   = minecraft(39), farmersdelight(2), repurposed_structures(1), supplementaries(2), stonycliffs(1), geophilic(11), explorations(1)
     class_1992 (85e132e)
         biomes     = 1
         namespaces = minecraft(1)
 - aether:the_aether: 
     class_3754 (7f2b2e4a)
         preset     = none
         noise      = aether:skylands
         features   = aether(23)
     class_4766 (34935e6)
         biomes     = 4
         namespaces = aether(4)
 - uf_data:data: 
     class_2897 (5a0542fd)
         preset     = none
         features   = none
     class_1992 (3cc80baf)
         biomes     = 1
         namespaces = minecraft(1)
 - minecraft:overworld: 
     class_3754 (7780e0d6)
         preset     = wover:normal
         noise      = minecraft:overworld
         features   = minecraft(205), farmersdelight(9), repurposed_structures(20), biomesoplenty(203), bedrockoid(7), climaterivers(2), charm(1), frostiful(3), supplementaries(2), stonycliffs(1), geophilic(43), friendsandfoes(1), explorations(10), hybrid-aquatic(14), natures_spirit(187)
     class_4766 (520fe3cd)
         biomes     = 170
         namespaces = minecraft(54), climaterivers(3), biomesoplenty(61), natures_spirit(51), terrablender(1)
 - minecraft:the_end: 
     WoVer - Chunk Generator (25f6f28)
         preset     = wover:normal
         noise      = minecraft:end
         features   = minecraft(5), repurposed_structures(1), biomesoplenty(17), betterend(127)
     WoVer - The End  BiomeSource (208eac42)
         biomes     = 27
         namespaces = betterend(19), minecraft(5), biomesoplenty(3)
         seed       = 5588846222499651855
         height     = 128
         deciders   = 0
         config     = EndConfig{mapVersion=hex, generatorVersion=vanilla, withVoidBiomes=true, innerVoidRadius=1024, voidBiomesSize=16, centerBiomesSize=16, landBiomesSize=16, barrensBiomesSize=16}
 - the_bumblezone:the_bumblezone: 
     BzChunkGenerator (4f5a9c6c)
         preset     = none
         noise      = the_bumblezone:bz_noise_settings
         features   = the_bumblezone(41)
     BzBiomeSource (453a8853)
         biomes     = 9
         namespaces = the_bumblezone(9)
 - deeperdarker:otherside: 
     class_3754 (ec723f0)
         preset     = none
         noise      = deeperdarker:otherside
         features   = minecraft(2), deeperdarker(44)
     class_4766 (5769dfde)
         biomes     = 4
         namespaces = deeperdarker(4)
[02:30:24] [Server thread/INFO]: Merged 22 additional Surface Rules for Dimension minecraft:the_nether => 74 (2.665 ms) using WoVer - Nether BiomeSource (6fda2f7a)
    biomes     = 32
    namespaces = betternether(22), minecraft(5), biomesoplenty(5)
    seed       = 5588846222499651855
    height     = 128
    config     = NetherConfig{mapVersion=hex, useVerticalBiomes=true, biomeSize=16, biomeSizeVertical=5}
[02:30:24] [Server thread/INFO]: Merged 19 additional Surface Rules for Dimension minecraft:the_end => 20 (7.156 ms) using WoVer - The End  BiomeSource (208eac42)
    biomes     = 27
    namespaces = betterend(19), minecraft(5), biomesoplenty(3)
    seed       = 5588846222499651855
    height     = 128
    deciders   = 0
    config     = EndConfig{mapVersion=hex, generatorVersion=vanilla, withVoidBiomes=true, innerVoidRadius=1024, voidBiomesSize=16, centerBiomesSize=16, landBiomesSize=16, barrensBiomesSize=16}
[02:30:25] [Server thread/INFO]: Enforcing safe world random access
[02:30:25] [Server thread/WARN]: @Redirect conflict. Skipping smoothchunk.mixins.json:ChunkMapSlowUnload from mod smoothchunk->@Redirect::getSize(Ljava/util/Queue;)I with priority 1000, already redirected by c2me-opts-scheduling.mixins.json:general_overheads.MixinThreadedAnvilChunkStorage from mod c2me-opts-scheduling->@Redirect::redirectUnloadSize(Ljava/util/Queue;)I with priority 1100
[02:30:26] [nioEventLoopGroup-2-1/INFO]: control channel open: [id: 0x8a90a2b9, QuicStreamAddress{streamId=0}]
[02:30:26] [nioEventLoopGroup-2-1/INFO]: control channel write complete
[02:30:26] [nioEventLoopGroup-2-1/WARN]: Luna running on Dedicated Server; This works, but isn't recommended as Luna is designed for short-lived LAN servers
[02:30:26] [nioEventLoopGroup-2-1/INFO]: Domain assigned: bamboo-armor.eu.mc.lunapixel.gg
[02:30:27] [Server thread/INFO]: [STDOUT]: Density function compilation finished in 1.029 s
[02:30:28] [Server thread/INFO]: Using TheSpeedyObjectFactory with Unsafe
[02:30:29] [Server thread/INFO]: Added 2 Biomes
[02:30:29] [Server thread/INFO]:  - minecraft:end_barrens, subbiomes=1
[02:30:29] [Server thread/INFO]:  - minecraft:end_midlands, subbiomes=1
[02:30:29] [Server thread/INFO]: Registering server plugin data...
[02:30:29] [Server thread/WARN]: Failed to register entry for net.mehvahdjukaar.moonlight.core.loot.OptionalItemPool with error net.mehvahdjukaar.moonlight.core.loot.OptionalItemPool
java.lang.ClassNotFoundException: net.mehvahdjukaar.moonlight.core.loot.OptionalItemPool
	at java.base/jdk.internal.loader.BuiltinClassLoader.loadClass(BuiltinClassLoader.java:641) ~[?:?]
	at java.base/java.lang.ClassLoader.loadClass(ClassLoader.java:526) ~[?:?]
	at net.fabricmc.loader.impl.launch.knot.KnotClassDelegate.loadClass(KnotClassDelegate.java:239) ~[fabric-loader-0.19.2.jar:?]
	at net.fabricmc.loader.impl.launch.knot.KnotClassLoader.loadClass(KnotClassLoader.java:119) ~[fabric-loader-0.19.2.jar:?]
	at java.base/java.lang.ClassLoader.loadClass(ClassLoader.java:526) ~[?:?]
	at java.base/java.lang.Class.forName0(Native Method) ~[?:?]
	at java.base/java.lang.Class.forName(Class.java:421) ~[?:?]
	at java.base/java.lang.Class.forName(Class.java:412) ~[?:?]
	at knot/com.yanny.ali.plugin.mods.PluginUtils.registerEntry(PluginUtils.java:74) ~[AdvancedLootInfo-fabric-1.21.1-1.10.0.jar:?]
	at knot/com.yanny.ali.plugin.mods.moonlight.Plugin.registerServer(Plugin.java:20) ~[AdvancedLootInfo-fabric-1.21.1-1.10.0.jar:?]
	at knot/com.yanny.ali.plugin.mods.moonlight.Plugin.registerServer(Plugin.java:9) ~[AdvancedLootInfo-fabric-1.21.1-1.10.0.jar:?]
	at knot/com.yanny.aci.manager.CorePluginManager.registerServerData(CorePluginManager.java:121) ~[AdvancedLootInfo-fabric-1.21.1-1.10.0.jar:?]
	at knot/com.yanny.aci.manager.CorePluginManager.registerServerEvent(CorePluginManager.java:70) ~[AdvancedLootInfo-fabric-1.21.1-1.10.0.jar:?]
	at knot/com.yanny.ali.fabric.FabricCommonBusSubscriber.onServerStarting(FabricCommonBusSubscriber.java:39) ~[AdvancedLootInfo-fabric-1.21.1-1.10.0.jar:?]
	at knot/net.fabricmc.fabric.api.event.lifecycle.v1.ServerWorldEvents.lambda$static$0(ServerWorldEvents.java:34) ~[fabric-lifecycle-events-v1-2.6.0+0865547519-a5ec64084535fadb.jar:?]
	at knot/net.minecraft.server.MinecraftServer.wrapOperation$dbm000$fabric-lifecycle-events-v1$onLoadWorld(MinecraftServer.java:8169) ~[server-intermediary.jar:?]
	at knot/net.minecraft.server.MinecraftServer.createWorlds(MinecraftServer.java:378) ~[server-intermediary.jar:?]
	at knot/net.minecraft.server.MinecraftServer.loadWorld(MinecraftServer.java:342) ~[server-intermediary.jar:?]
	at knot//MC/net.minecraft.server.dedicated.MinecraftDedicatedServer.setupServer(MinecraftDedicatedServer.java:185) ~[server-intermediary.jar:?]
	at knot/net.minecraft.server.MinecraftServer.runServer(MinecraftServer.java:664) ~[server-intermediary.jar:?]
	at knot/net.minecraft.server.MinecraftServer.method_29739(MinecraftServer.java:281) ~[server-intermediary.jar:?]
	at java.base/java.lang.Thread.run(Thread.java:1583) [?:?]
[02:30:29] [Server thread/WARN]: Failed to register item listing for net.mehvahdjukaar.sawmill.CarpenterTrades$LogStrippingListing with error net.mehvahdjukaar.sawmill.CarpenterTrades$LogStrippingListing
java.lang.ClassNotFoundException: net.mehvahdjukaar.sawmill.CarpenterTrades$LogStrippingListing
	at java.base/jdk.internal.loader.BuiltinClassLoader.loadClass(BuiltinClassLoader.java:641) ~[?:?]
	at java.base/java.lang.ClassLoader.loadClass(ClassLoader.java:526) ~[?:?]
	at net.fabricmc.loader.impl.launch.knot.KnotClassDelegate.loadClass(KnotClassDelegate.java:239) ~[fabric-loader-0.19.2.jar:?]
	at net.fabricmc.loader.impl.launch.knot.KnotClassLoader.loadClass(KnotClassLoader.java:119) ~[fabric-loader-0.19.2.jar:?]
	at java.base/java.lang.ClassLoader.loadClass(ClassLoader.java:526) ~[?:?]
	at java.base/java.lang.Class.forName0(Native Method) ~[?:?]
	at java.base/java.lang.Class.forName(Class.java:421) ~[?:?]
	at java.base/java.lang.Class.forName(Class.java:412) ~[?:?]
	at knot/com.yanny.ali.plugin.mods.PluginUtils.registerItemListing(PluginUtils.java:247) ~[AdvancedLootInfo-fabric-1.21.1-1.10.0.jar:?]
	at knot/com.yanny.ali.plugin.mods.sawmill.Plugin.registerServer(Plugin.java:19) ~[AdvancedLootInfo-fabric-1.21.1-1.10.0.jar:?]
	at knot/com.yanny.ali.plugin.mods.sawmill.Plugin.registerServer(Plugin.java:9) ~[AdvancedLootInfo-fabric-1.21.1-1.10.0.jar:?]
	at knot/com.yanny.aci.manager.CorePluginManager.registerServerData(CorePluginManager.java:121) ~[AdvancedLootInfo-fabric-1.21.1-1.10.0.jar:?]
	at knot/com.yanny.aci.manager.CorePluginManager.registerServerEvent(CorePluginManager.java:70) ~[AdvancedLootInfo-fabric-1.21.1-1.10.0.jar:?]
	at knot/com.yanny.ali.fabric.FabricCommonBusSubscriber.onServerStarting(FabricCommonBusSubscriber.java:39) ~[AdvancedLootInfo-fabric-1.21.1-1.10.0.jar:?]
	at knot/net.fabricmc.fabric.api.event.lifecycle.v1.ServerWorldEvents.lambda$static$0(ServerWorldEvents.java:34) ~[fabric-lifecycle-events-v1-2.6.0+0865547519-a5ec64084535fadb.jar:?]
	at knot/net.minecraft.server.MinecraftServer.wrapOperation$dbm000$fabric-lifecycle-events-v1$onLoadWorld(MinecraftServer.java:8169) ~[server-intermediary.jar:?]
	at knot/net.minecraft.server.MinecraftServer.createWorlds(MinecraftServer.java:378) ~[server-intermediary.jar:?]
	at knot/net.minecraft.server.MinecraftServer.loadWorld(MinecraftServer.java:342) ~[server-intermediary.jar:?]
	at knot//MC/net.minecraft.server.dedicated.MinecraftDedicatedServer.setupServer(MinecraftDedicatedServer.java:185) ~[server-intermediary.jar:?]
	at knot/net.minecraft.server.MinecraftServer.runServer(MinecraftServer.java:664) ~[server-intermediary.jar:?]
	at knot/net.minecraft.server.MinecraftServer.method_29739(MinecraftServer.java:281) ~[server-intermediary.jar:?]
	at java.base/java.lang.Thread.run(Thread.java:1583) [?:?]
[02:30:29] [Server thread/WARN]: Failed to register item listing for net.mehvahdjukaar.sawmill.CarpenterTrades$WoodToItemListing with error net.mehvahdjukaar.sawmill.CarpenterTrades$WoodToItemListing
java.lang.ClassNotFoundException: net.mehvahdjukaar.sawmill.CarpenterTrades$WoodToItemListing
	at java.base/jdk.internal.loader.BuiltinClassLoader.loadClass(BuiltinClassLoader.java:641) ~[?:?]
	at java.base/java.lang.ClassLoader.loadClass(ClassLoader.java:526) ~[?:?]
	at net.fabricmc.loader.impl.launch.knot.KnotClassDelegate.loadClass(KnotClassDelegate.java:239) ~[fabric-loader-0.19.2.jar:?]
	at net.fabricmc.loader.impl.launch.knot.KnotClassLoader.loadClass(KnotClassLoader.java:119) ~[fabric-loader-0.19.2.jar:?]
	at java.base/java.lang.ClassLoader.loadClass(ClassLoader.java:526) ~[?:?]
	at java.base/java.lang.Class.forName0(Native Method) ~[?:?]
	at java.base/java.lang.Class.forName(Class.java:421) ~[?:?]
	at java.base/java.lang.Class.forName(Class.java:412) ~[?:?]
	at knot/com.yanny.ali.plugin.mods.PluginUtils.registerItemListing(PluginUtils.java:247) ~[AdvancedLootInfo-fabric-1.21.1-1.10.0.jar:?]
	at knot/com.yanny.ali.plugin.mods.sawmill.Plugin.registerServer(Plugin.java:20) ~[AdvancedLootInfo-fabric-1.21.1-1.10.0.jar:?]
	at knot/com.yanny.ali.plugin.mods.sawmill.Plugin.registerServer(Plugin.java:9) ~[AdvancedLootInfo-fabric-1.21.1-1.10.0.jar:?]
	at knot/com.yanny.aci.manager.CorePluginManager.registerServerData(CorePluginManager.java:121) ~[AdvancedLootInfo-fabric-1.21.1-1.10.0.jar:?]
	at knot/com.yanny.aci.manager.CorePluginManager.registerServerEvent(CorePluginManager.java:70) ~[AdvancedLootInfo-fabric-1.21.1-1.10.0.jar:?]
	at knot/com.yanny.ali.fabric.FabricCommonBusSubscriber.onServerStarting(FabricCommonBusSubscriber.java:39) ~[AdvancedLootInfo-fabric-1.21.1-1.10.0.jar:?]
	at knot/net.fabricmc.fabric.api.event.lifecycle.v1.ServerWorldEvents.lambda$static$0(ServerWorldEvents.java:34) ~[fabric-lifecycle-events-v1-2.6.0+0865547519-a5ec64084535fadb.jar:?]
	at knot/net.minecraft.server.MinecraftServer.wrapOperation$dbm000$fabric-lifecycle-events-v1$onLoadWorld(MinecraftServer.java:8169) ~[server-intermediary.jar:?]
	at knot/net.minecraft.server.MinecraftServer.createWorlds(MinecraftServer.java:378) ~[server-intermediary.jar:?]
	at knot/net.minecraft.server.MinecraftServer.loadWorld(MinecraftServer.java:342) ~[server-intermediary.jar:?]
	at knot//MC/net.minecraft.server.dedicated.MinecraftDedicatedServer.setupServer(MinecraftDedicatedServer.java:185) ~[server-intermediary.jar:?]
	at knot/net.minecraft.server.MinecraftServer.runServer(MinecraftServer.java:664) ~[server-intermediary.jar:?]
	at knot/net.minecraft.server.MinecraftServer.method_29739(MinecraftServer.java:281) ~[server-intermediary.jar:?]
	at java.base/java.lang.Thread.run(Thread.java:1583) [?:?]
[02:30:29] [Server thread/WARN]: Failed to register item listing collector for net.mehvahdjukaar.sawmill.CarpenterTrades$LogStrippingListing with error net.mehvahdjukaar.sawmill.CarpenterTrades$LogStrippingListing
java.lang.ClassNotFoundException: net.mehvahdjukaar.sawmill.CarpenterTrades$LogStrippingListing
	at java.base/jdk.internal.loader.BuiltinClassLoader.loadClass(BuiltinClassLoader.java:641) ~[?:?]
	at java.base/java.lang.ClassLoader.loadClass(ClassLoader.java:526) ~[?:?]
	at net.fabricmc.loader.impl.launch.knot.KnotClassDelegate.loadClass(KnotClassDelegate.java:239) ~[fabric-loader-0.19.2.jar:?]
	at net.fabricmc.loader.impl.launch.knot.KnotClassLoader.loadClass(KnotClassLoader.java:119) ~[fabric-loader-0.19.2.jar:?]
	at java.base/java.lang.ClassLoader.loadClass(ClassLoader.java:526) ~[?:?]
	at java.base/java.lang.Class.forName0(Native Method) ~[?:?]
	at java.base/java.lang.Class.forName(Class.java:421) ~[?:?]
	at java.base/java.lang.Class.forName(Class.java:412) ~[?:?]
	at knot/com.yanny.ali.plugin.mods.PluginUtils.registerItemListingCollector(PluginUtils.java:263) ~[AdvancedLootInfo-fabric-1.21.1-1.10.0.jar:?]
	at knot/com.yanny.ali.plugin.mods.sawmill.Plugin.registerServer(Plugin.java:22) ~[AdvancedLootInfo-fabric-1.21.1-1.10.0.jar:?]
	at knot/com.yanny.ali.plugin.mods.sawmill.Plugin.registerServer(Plugin.java:9) ~[AdvancedLootInfo-fabric-1.21.1-1.10.0.jar:?]
	at knot/com.yanny.aci.manager.CorePluginManager.registerServerData(CorePluginManager.java:121) ~[AdvancedLootInfo-fabric-1.21.1-1.10.0.jar:?]
	at knot/com.yanny.aci.manager.CorePluginManager.registerServerEvent(CorePluginManager.java:70) ~[AdvancedLootInfo-fabric-1.21.1-1.10.0.jar:?]
	at knot/com.yanny.ali.fabric.FabricCommonBusSubscriber.onServerStarting(FabricCommonBusSubscriber.java:39) ~[AdvancedLootInfo-fabric-1.21.1-1.10.0.jar:?]
	at knot/net.fabricmc.fabric.api.event.lifecycle.v1.ServerWorldEvents.lambda$static$0(ServerWorldEvents.java:34) ~[fabric-lifecycle-events-v1-2.6.0+0865547519-a5ec64084535fadb.jar:?]
	at knot/net.minecraft.server.MinecraftServer.wrapOperation$dbm000$fabric-lifecycle-events-v1$onLoadWorld(MinecraftServer.java:8169) ~[server-intermediary.jar:?]
	at knot/net.minecraft.server.MinecraftServer.createWorlds(MinecraftServer.java:378) ~[server-intermediary.jar:?]
	at knot/net.minecraft.server.MinecraftServer.loadWorld(MinecraftServer.java:342) ~[server-intermediary.jar:?]
	at knot//MC/net.minecraft.server.dedicated.MinecraftDedicatedServer.setupServer(MinecraftDedicatedServer.java:185) ~[server-intermediary.jar:?]
	at knot/net.minecraft.server.MinecraftServer.runServer(MinecraftServer.java:664) ~[server-intermediary.jar:?]
	at knot/net.minecraft.server.MinecraftServer.method_29739(MinecraftServer.java:281) ~[server-intermediary.jar:?]
	at java.base/java.lang.Thread.run(Thread.java:1583) [?:?]
[02:30:29] [Server thread/WARN]: Failed to register item listing collector for net.mehvahdjukaar.sawmill.CarpenterTrades$WoodToItemListing with error net.mehvahdjukaar.sawmill.CarpenterTrades$WoodToItemListing
java.lang.ClassNotFoundException: net.mehvahdjukaar.sawmill.CarpenterTrades$WoodToItemListing
	at java.base/jdk.internal.loader.BuiltinClassLoader.loadClass(BuiltinClassLoader.java:641) ~[?:?]
	at java.base/java.lang.ClassLoader.loadClass(ClassLoader.java:526) ~[?:?]
	at net.fabricmc.loader.impl.launch.knot.KnotClassDelegate.loadClass(KnotClassDelegate.java:239) ~[fabric-loader-0.19.2.jar:?]
	at net.fabricmc.loader.impl.launch.knot.KnotClassLoader.loadClass(KnotClassLoader.java:119) ~[fabric-loader-0.19.2.jar:?]
	at java.base/java.lang.ClassLoader.loadClass(ClassLoader.java:526) ~[?:?]
	at java.base/java.lang.Class.forName0(Native Method) ~[?:?]
	at java.base/java.lang.Class.forName(Class.java:421) ~[?:?]
	at java.base/java.lang.Class.forName(Class.java:412) ~[?:?]
	at knot/com.yanny.ali.plugin.mods.PluginUtils.registerItemListingCollector(PluginUtils.java:263) ~[AdvancedLootInfo-fabric-1.21.1-1.10.0.jar:?]
	at knot/com.yanny.ali.plugin.mods.sawmill.Plugin.registerServer(Plugin.java:23) ~[AdvancedLootInfo-fabric-1.21.1-1.10.0.jar:?]
	at knot/com.yanny.ali.plugin.mods.sawmill.Plugin.registerServer(Plugin.java:9) ~[AdvancedLootInfo-fabric-1.21.1-1.10.0.jar:?]
	at knot/com.yanny.aci.manager.CorePluginManager.registerServerData(CorePluginManager.java:121) ~[AdvancedLootInfo-fabric-1.21.1-1.10.0.jar:?]
	at knot/com.yanny.aci.manager.CorePluginManager.registerServerEvent(CorePluginManager.java:70) ~[AdvancedLootInfo-fabric-1.21.1-1.10.0.jar:?]
	at knot/com.yanny.ali.fabric.FabricCommonBusSubscriber.onServerStarting(FabricCommonBusSubscriber.java:39) ~[AdvancedLootInfo-fabric-1.21.1-1.10.0.jar:?]
	at knot/net.fabricmc.fabric.api.event.lifecycle.v1.ServerWorldEvents.lambda$static$0(ServerWorldEvents.java:34) ~[fabric-lifecycle-events-v1-2.6.0+0865547519-a5ec64084535fadb.jar:?]
	at knot/net.minecraft.server.MinecraftServer.wrapOperation$dbm000$fabric-lifecycle-events-v1$onLoadWorld(MinecraftServer.java:8169) ~[server-intermediary.jar:?]
	at knot/net.minecraft.server.MinecraftServer.createWorlds(MinecraftServer.java:378) ~[server-intermediary.jar:?]
	at knot/net.minecraft.server.MinecraftServer.loadWorld(MinecraftServer.java:342) ~[server-intermediary.jar:?]
	at knot//MC/net.minecraft.server.dedicated.MinecraftDedicatedServer.setupServer(MinecraftDedicatedServer.java:185) ~[server-intermediary.jar:?]
	at knot/net.minecraft.server.MinecraftServer.runServer(MinecraftServer.java:664) ~[server-intermediary.jar:?]
	at knot/net.minecraft.server.MinecraftServer.method_29739(MinecraftServer.java:281) ~[server-intermediary.jar:?]
	at java.base/java.lang.Thread.run(Thread.java:1583) [?:?]
[02:30:29] [Server thread/INFO]: Registered 10/13 entry factories
[02:30:29] [Server thread/INFO]: Registered 6/6 number converters
[02:30:29] [Server thread/INFO]: Registered 27 trade item listings
[02:30:29] [Server thread/INFO]: Registered 9 entry item collectors
[02:30:29] [Server thread/INFO]: Registered 2 function item collectors
[02:30:29] [Server thread/INFO]: Registered 27 trade item collectors
[02:30:29] [Server thread/INFO]: Registered 54/54 function tooltips
[02:30:29] [Server thread/INFO]: Registered 23/32 condition tooltips
[02:30:29] [Server thread/INFO]: Registered 1 ingredient tooltips
[02:30:29] [Server thread/INFO]: Registered 107 value tooltips
[02:30:29] [Server thread/INFO]: Registered 14/15 item sub predicate tooltips
[02:30:29] [Server thread/INFO]: Registered 20/20 entity sub predicate tooltips
[02:30:29] [Server thread/INFO]: Registered 57/160 data component type tooltips
[02:30:29] [Server thread/INFO]: Registered 3 chance modifiers
[02:30:29] [Server thread/INFO]: Registered 4 count modifiers
[02:30:29] [Server thread/INFO]: Registered 15 item stack modifiers
[02:30:29] [Server thread/INFO]: Registered 0 loot modifiers
[02:30:29] [Server thread/INFO]: Registering server plugin data finished
[02:30:29] [Server thread/INFO]: Started reading loot info
[02:30:35] [Server thread/WARN]: Failed to parse loot table aether:selectors/evil_whirlwind_junk with error java.lang.IllegalArgumentException: Can not set net.minecraft.class_1299 field com.yanny.ali.plugin.mods.aether.functions.WhirlwindSpawnEntity.entityType to net.minecraft.class_2050
java.lang.IllegalStateException: java.lang.IllegalArgumentException: Can not set net.minecraft.entity.EntityType field com.yanny.ali.plugin.mods.aether.functions.WhirlwindSpawnEntity.entityType to net.minecraft.predicate.entity.EntityTypePredicate
	at knot/com.yanny.ali.plugin.mods.ReflectionUtils.copyClassData(ReflectionUtils.java:59) ~[AdvancedLootInfo-fabric-1.21.1-1.10.0.jar:?]
	at knot/com.yanny.ali.plugin.mods.PluginUtils.lambda$registerFunctionTooltip$3(PluginUtils.java:91) ~[AdvancedLootInfo-fabric-1.21.1-1.10.0.jar:?]
	at knot/com.yanny.ali.manager.AliServerRegistry.lambda$registerFunctionTooltip$2(AliServerRegistry.java:138) ~[AdvancedLootInfo-fabric-1.21.1-1.10.0.jar:?]
	at knot/com.yanny.ali.manager.AliServerRegistry.lambda$getFunctionTooltip$19(AliServerRegistry.java:236) ~[AdvancedLootInfo-fabric-1.21.1-1.10.0.jar:?]
	at java.base/java.util.Optional.map(Optional.java:260) ~[?:?]
	at knot/com.yanny.ali.manager.AliServerRegistry.getFunctionTooltip(AliServerRegistry.java:236) ~[AdvancedLootInfo-fabric-1.21.1-1.10.0.jar:?]
	at knot/com.yanny.ali.plugin.server.GenericTooltipUtils.getFunctionListTooltip(GenericTooltipUtils.java:233) ~[AdvancedLootInfo-fabric-1.21.1-1.10.0.jar:?]
	at knot/com.yanny.ali.plugin.server.GenericTooltipUtils.getFunctionsTooltip(GenericTooltipUtils.java:244) ~[AdvancedLootInfo-fabric-1.21.1-1.10.0.jar:?]
	at knot/com.yanny.ali.plugin.server.EntryTooltipUtils.getTooltip(EntryTooltipUtils.java:93) ~[AdvancedLootInfo-fabric-1.21.1-1.10.0.jar:?]
	at knot/com.yanny.ali.plugin.common.NodeUtils.getItemNode(NodeUtils.java:51) ~[AdvancedLootInfo-fabric-1.21.1-1.10.0.jar:?]
	at knot/com.yanny.ali.plugin.common.NodeUtils.getItemNode(NodeUtils.java:35) ~[AdvancedLootInfo-fabric-1.21.1-1.10.0.jar:?]
	at knot/com.yanny.ali.plugin.common.NodeUtils.lambda$getChildren$3(NodeUtils.java:198) ~[AdvancedLootInfo-fabric-1.21.1-1.10.0.jar:?]
	at java.base/java.util.stream.ReferencePipeline$3$1.accept(ReferencePipeline.java:197) ~[?:?]
	at java.base/java.util.AbstractList$RandomAccessSpliterator.forEachRemaining(AbstractList.java:722) ~[?:?]
	at java.base/java.util.stream.AbstractPipeline.copyInto(AbstractPipeline.java:509) ~[?:?]
	at java.base/java.util.stream.AbstractPipeline.wrapAndCopyInto(AbstractPipeline.java:499) ~[?:?]
	at java.base/java.util.stream.AbstractPipeline.evaluate(AbstractPipeline.java:575) ~[?:?]
	at java.base/java.util.stream.AbstractPipeline.evaluateToArrayNode(AbstractPipeline.java:260) ~[?:?]
	at java.base/java.util.stream.ReferencePipeline.toArray(ReferencePipeline.java:616) ~[?:?]
	at java.base/java.util.stream.ReferencePipeline.toArray(ReferencePipeline.java:622) ~[?:?]
	at java.base/java.util.stream.ReferencePipeline.toList(ReferencePipeline.java:627) ~[?:?]
	at knot/com.yanny.ali.plugin.common.NodeUtils.getChildren(NodeUtils.java:198) ~[AdvancedLootInfo-fabric-1.21.1-1.10.0.jar:?]
	at knot/com.yanny.ali.plugin.common.NodeUtils.getLootPoolNode(NodeUtils.java:147) ~[AdvancedLootInfo-fabric-1.21.1-1.10.0.jar:?]
	at knot/com.yanny.ali.plugin.common.NodeUtils.lambda$getLootTableNode$2(NodeUtils.java:169) ~[AdvancedLootInfo-fabric-1.21.1-1.10.0.jar:?]
	at java.base/java.util.stream.ReferencePipeline$3$1.accept(ReferencePipeline.java:197) ~[?:?]
	at java.base/java.util.Collections$2.tryAdvance(Collections.java:5073) ~[?:?]
	at java.base/java.util.Collections$2.forEachRemaining(Collections.java:5081) ~[?:?]
	at java.base/java.util.stream.AbstractPipeline.copyInto(AbstractPipeline.java:509) ~[?:?]
	at java.base/java.util.stream.AbstractPipeline.wrapAndCopyInto(AbstractPipeline.java:499) ~[?:?]
	at java.base/java.util.stream.AbstractPipeline.evaluate(AbstractPipeline.java:575) ~[?:?]
	at java.base/java.util.stream.AbstractPipeline.evaluateToArrayNode(AbstractPipeline.java:260) ~[?:?]
	at java.base/java.util.stream.ReferencePipeline.toArray(ReferencePipeline.java:616) ~[?:?]
	at java.base/java.util.stream.ReferencePipeline.toArray(ReferencePipeline.java:622) ~[?:?]
	at java.base/java.util.stream.ReferencePipeline.toList(ReferencePipeline.java:627) ~[?:?]
	at knot/com.yanny.ali.plugin.common.NodeUtils.getLootTableNode(NodeUtils.java:169) ~[AdvancedLootInfo-fabric-1.21.1-1.10.0.jar:?]
	at knot/com.yanny.ali.manager.AliServerRegistry.parseTable(AliServerRegistry.java:397) ~[AdvancedLootInfo-fabric-1.21.1-1.10.0.jar:?]
	at knot/com.yanny.ali.network.AbstractServer.processLootTables(AbstractServer.java:346) ~[AdvancedLootInfo-fabric-1.21.1-1.10.0.jar:?]
	at knot/com.yanny.ali.network.AbstractServer.readLootTables(AbstractServer.java:100) ~[AdvancedLootInfo-fabric-1.21.1-1.10.0.jar:?]
	at knot/com.yanny.ali.fabric.FabricCommonBusSubscriber.onServerStarting(FabricCommonBusSubscriber.java:40) ~[AdvancedLootInfo-fabric-1.21.1-1.10.0.jar:?]
	at knot/net.fabricmc.fabric.api.event.lifecycle.v1.ServerWorldEvents.lambda$static$0(ServerWorldEvents.java:34) ~[fabric-lifecycle-events-v1-2.6.0+0865547519-a5ec64084535fadb.jar:?]
	at knot/net.minecraft.server.MinecraftServer.wrapOperation$dbm000$fabric-lifecycle-events-v1$onLoadWorld(MinecraftServer.java:8169) ~[server-intermediary.jar:?]
	at knot/net.minecraft.server.MinecraftServer.createWorlds(MinecraftServer.java:378) ~[server-intermediary.jar:?]
	at knot/net.minecraft.server.MinecraftServer.loadWorld(MinecraftServer.java:342) ~[server-intermediary.jar:?]
	at knot//MC/net.minecraft.server.dedicated.MinecraftDedicatedServer.setupServer(MinecraftDedicatedServer.java:185) ~[server-intermediary.jar:?]
	at knot/net.minecraft.server.MinecraftServer.runServer(MinecraftServer.java:664) ~[server-intermediary.jar:?]
	at knot/net.minecraft.server.MinecraftServer.method_29739(MinecraftServer.java:281) ~[server-intermediary.jar:?]
	at java.base/java.lang.Thread.run(Thread.java:1583) [?:?]
Caused by: java.lang.IllegalArgumentException: Can not set net.minecraft.entity.EntityType field com.yanny.ali.plugin.mods.aether.functions.WhirlwindSpawnEntity.entityType to net.minecraft.predicate.entity.EntityTypePredicate
	at java.base/jdk.internal.reflect.FieldAccessorImpl.throwSetIllegalArgumentException(FieldAccessorImpl.java:228) ~[?:?]
	at java.base/jdk.internal.reflect.FieldAccessorImpl.throwSetIllegalArgumentException(FieldAccessorImpl.java:232) ~[?:?]
	at java.base/jdk.internal.reflect.MethodHandleObjectFieldAccessorImpl.set(MethodHandleObjectFieldAccessorImpl.java:115) ~[?:?]
	at java.base/java.lang.reflect.Field.set(Field.java:836) ~[?:?]
	at knot/com.yanny.ali.plugin.mods.ReflectionUtils.copyClassData(ReflectionUtils.java:43) ~[AdvancedLootInfo-fabric-1.21.1-1.10.0.jar:?]
	... 46 more
[02:30:38] [Server thread/INFO]: Skipped 114 empty or hidden loot tables and 73 injected loot tables
[02:30:38] [Server thread/WARN]: No trades defined for friendsandfoes:beekeeper
[02:30:38] [Server thread/WARN]: Failed to parse trade for villager minecraft:fisherman with error class net.minecraft.class_5321 cannot be cast to class net.minecraft.class_3854 (net.minecraft.class_5321 and net.minecraft.class_3854 are in unnamed module of loader 'knot' @3327bd23)
java.lang.ClassCastException: class net.minecraft.registry.RegistryKey cannot be cast to class net.minecraft.village.VillagerType (net.minecraft.registry.RegistryKey and net.minecraft.village.VillagerType are in unnamed module of loader 'knot' @3327bd23)
	at knot/com.yanny.ali.plugin.common.trades.EmeraldsForVillagerTypeItemNode.getSubTrades(EmeraldsForVillagerTypeItemNode.java:28) ~[AdvancedLootInfo-fabric-1.21.1-1.10.0.jar:?]
	at knot/com.yanny.ali.plugin.common.trades.EmeraldsForVillagerTypeItemNode.getSubTrades(EmeraldsForVillagerTypeItemNode.java:18) ~[AdvancedLootInfo-fabric-1.21.1-1.10.0.jar:?]
	at knot/com.yanny.ali.plugin.common.trades.SubTradesNode.<init>(SubTradesNode.java:19) ~[AdvancedLootInfo-fabric-1.21.1-1.10.0.jar:?]
	at knot/com.yanny.ali.plugin.common.trades.EmeraldsForVillagerTypeItemNode.<init>(EmeraldsForVillagerTypeItemNode.java:20) ~[AdvancedLootInfo-fabric-1.21.1-1.10.0.jar:?]
	at knot/com.yanny.ali.manager.AliServerRegistry.lambda$registerItemListing$13(AliServerRegistry.java:200) ~[AdvancedLootInfo-fabric-1.21.1-1.10.0.jar:?]
	at knot/com.yanny.ali.manager.AliServerRegistry.lambda$getItemListing$36(AliServerRegistry.java:320) ~[AdvancedLootInfo-fabric-1.21.1-1.10.0.jar:?]
	at java.base/java.util.Optional.map(Optional.java:260) ~[?:?]
	at knot/com.yanny.ali.manager.AliServerRegistry.getItemListing(AliServerRegistry.java:320) ~[AdvancedLootInfo-fabric-1.21.1-1.10.0.jar:?]
	at knot/com.yanny.ali.plugin.common.trades.TradeLevelNode.<init>(TradeLevelNode.java:25) ~[AdvancedLootInfo-fabric-1.21.1-1.10.0.jar:?]
	at knot/com.yanny.ali.plugin.common.trades.TradeNode.<init>(TradeNode.java:29) ~[AdvancedLootInfo-fabric-1.21.1-1.10.0.jar:?]
	at knot/com.yanny.ali.manager.AliServerRegistry.parseTrade(AliServerRegistry.java:405) ~[AdvancedLootInfo-fabric-1.21.1-1.10.0.jar:?]
	at knot/com.yanny.ali.network.AbstractServer.processTrades(AbstractServer.java:390) ~[AdvancedLootInfo-fabric-1.21.1-1.10.0.jar:?]
	at knot/com.yanny.ali.network.AbstractServer.readLootTables(AbstractServer.java:104) ~[AdvancedLootInfo-fabric-1.21.1-1.10.0.jar:?]
	at knot/com.yanny.ali.fabric.FabricCommonBusSubscriber.onServerStarting(FabricCommonBusSubscriber.java:40) ~[AdvancedLootInfo-fabric-1.21.1-1.10.0.jar:?]
	at knot/net.fabricmc.fabric.api.event.lifecycle.v1.ServerWorldEvents.lambda$static$0(ServerWorldEvents.java:34) ~[fabric-lifecycle-events-v1-2.6.0+0865547519-a5ec64084535fadb.jar:?]
	at knot/net.minecraft.server.MinecraftServer.wrapOperation$dbm000$fabric-lifecycle-events-v1$onLoadWorld(MinecraftServer.java:8169) ~[server-intermediary.jar:?]
	at knot/net.minecraft.server.MinecraftServer.createWorlds(MinecraftServer.java:378) ~[server-intermediary.jar:?]
	at knot/net.minecraft.server.MinecraftServer.loadWorld(MinecraftServer.java:342) ~[server-intermediary.jar:?]
	at knot//MC/net.minecraft.server.dedicated.MinecraftDedicatedServer.setupServer(MinecraftDedicatedServer.java:185) ~[server-intermediary.jar:?]
	at knot/net.minecraft.server.MinecraftServer.runServer(MinecraftServer.java:664) ~[server-intermediary.jar:?]
	at knot/net.minecraft.server.MinecraftServer.method_29739(MinecraftServer.java:281) ~[server-intermediary.jar:?]
	at java.base/java.lang.Thread.run(Thread.java:1583) [?:?]
[02:30:38] [Server thread/WARN]: No trades defined for minecraft:none
[02:30:38] [Server thread/WARN]: No trades defined for minecraft:nitwit
[02:30:38] [Server thread/INFO]: Processing 6507 loot tables, 17 fake loot tables and 26 trades took 8863ms
[02:30:41] [Server thread/INFO]: Compressed loot data (21.99 MB -> 1.26 MB) and stored in 41 chunk(s)
[02:30:41] [Server thread/WARN]: Missing entry factories for net.mehvahdjukaar.moonlight.core.loot.OptionalItemPoolEntry
[02:30:41] [Server thread/WARN]: Missing trade item listings for biomesoplenty.init.ModVillagerTrades$ItemsForEmeralds
[02:30:41] [Server thread/WARN]: Missing trade item listings for net.mehvahdjukaar.sawmill.trades.BiomeWoodToItemListing
[02:30:41] [Server thread/WARN]: Missing trade item listings for net.mehvahdjukaar.sawmill.trades.RandomWoodToItemListing
[02:30:41] [Server thread/WARN]: Missing trade item listings for dev.hybridlabs.aquatic.utils.HybridAquaticCustomTrades$$Lambda/0x00007fabcdcbe768
[02:30:41] [Server thread/WARN]: Missing trade item listings for dev.hybridlabs.aquatic.utils.HybridAquaticCustomTrades$$Lambda/0x00007fabcdcbed98
[02:30:41] [Server thread/WARN]: Missing trade item listings for dev.hybridlabs.aquatic.utils.HybridAquaticCustomTrades$$Lambda/0x00007fabcdcbe138
[02:30:41] [Server thread/WARN]: Missing trade item listings for dev.hybridlabs.aquatic.utils.HybridAquaticCustomTrades$$Lambda/0x00007fabcdcd5d28
[02:30:41] [Server thread/WARN]: Missing trade item listings for dev.hybridlabs.aquatic.utils.HybridAquaticCustomTrades$$Lambda/0x00007fabcdcbdf28
[02:30:41] [Server thread/WARN]: Missing trade item listings for dev.hybridlabs.aquatic.utils.HybridAquaticCustomTrades$$Lambda/0x00007fabcdcbe348
[02:30:41] [Server thread/WARN]: Missing trade item listings for dev.hybridlabs.aquatic.utils.HybridAquaticCustomTrades$$Lambda/0x00007fabcdcbefa8
[02:30:41] [Server thread/WARN]: Missing trade item listings for dev.hybridlabs.aquatic.utils.HybridAquaticCustomTrades$$Lambda/0x00007fabcdcd5b18
[02:30:41] [Server thread/WARN]: Missing trade item listings for dev.hybridlabs.aquatic.utils.HybridAquaticCustomTrades$$Lambda/0x00007fabcdcbfa08
[02:30:41] [Server thread/WARN]: Missing trade item listings for dev.hybridlabs.aquatic.utils.HybridAquaticCustomTrades$$Lambda/0x00007fabcdcbf1b8
[02:30:41] [Server thread/WARN]: Missing trade item listings for com.frikinjay.villagerapi.villagerpack.VillagerPackCodecs$1
[02:30:41] [Server thread/WARN]: Missing trade item listings for net.mehvahdjukaar.sawmill.trades.LogStrippingListing
[02:30:41] [Server thread/WARN]: Missing trade item listings for dev.hybridlabs.aquatic.utils.HybridAquaticCustomTrades$$Lambda/0x00007fabcdcbdd18
[02:30:41] [Server thread/WARN]: Missing trade item listings for dev.hybridlabs.aquatic.utils.HybridAquaticCustomTrades$$Lambda/0x00007fabcdcbfc18
[02:30:41] [Server thread/WARN]: Missing trade item listings for net.mehvahdjukaar.moonlight.api.trades.SimpleItemListing
[02:30:41] [Server thread/WARN]: Missing trade item listings for dev.hybridlabs.aquatic.utils.HybridAquaticCustomTrades$$Lambda/0x00007fabcdcbeb88
[02:30:41] [Server thread/WARN]: Missing trade item listings for dev.hybridlabs.aquatic.utils.HybridAquaticCustomTrades$$Lambda/0x00007fabcdcbf5e8
[02:30:41] [Server thread/WARN]: Missing trade item listings for dev.hybridlabs.aquatic.utils.HybridAquaticCustomTrades$$Lambda/0x00007fabcdcbe558
[02:30:41] [Server thread/WARN]: Missing trade item listings for dev.hybridlabs.aquatic.utils.HybridAquaticCustomTrades$$Lambda/0x00007fabcdcbe978
[02:30:41] [Server thread/WARN]: Missing trade item listings for dev.hybridlabs.aquatic.utils.HybridAquaticCustomTrades$$Lambda/0x00007fabcdcbf7f8
[02:30:41] [Server thread/WARN]: Missing condition tooltips for net.mehvahdjukaar.moonlight.core.loot.ResourceLootItemCondition
[02:30:41] [Server thread/WARN]: Missing condition tooltips for com.soytutta.mynethersdelight.refabricated.AlwaysFalseCondition
[02:30:41] [Server thread/WARN]: Missing value tooltips for net.mehvahdjukaar.sawmill.trades.BiomeToWoodList
[02:30:41] [Server thread/WARN]: Missing value tooltips for com.mojang.datafixers.util.Either$Left
[02:30:41] [Server thread/WARN]: Missing value tooltips for net.minecraft.class_9306
[02:30:41] [Server thread/WARN]: Missing data component type tooltips for the_bumblezone:honey_crystal_shield_current_level_data
[02:30:41] [Server thread/WARN]: Missing data component type tooltips for deeperdarker:has_flower
[02:30:41] [Server thread/WARN]: Missing data component type tooltips for the_bumblezone:honey_compass_state_data
[02:30:41] [Server thread/WARN]: Missing data component type tooltips for the_bumblezone:honey_compass_base_data
[02:30:41] [Server thread/INFO]: Loading overlays for world: minecraft:overworld
[02:30:41] [Server thread/INFO]: No existing overlay save file found
[02:30:41] [Server thread/INFO]: Loaded 0 overlays for dimension minecraft:overworld
[02:30:41] [Server thread/INFO]: [STDOUT]: Density function compilation finished in 31.41 ms
[02:30:52] [Server thread/INFO]: Added 2 Biomes
[02:30:52] [Server thread/INFO]:  - minecraft:end_barrens, subbiomes=1
[02:30:52] [Server thread/INFO]:  - minecraft:end_midlands, subbiomes=1
[02:30:53] [Server thread/INFO]: Loading overlays for world: minecraft:the_nether
[02:30:53] [Server thread/INFO]: No existing overlay save file found
[02:30:53] [Server thread/INFO]: Loaded 0 overlays for dimension minecraft:the_nether
[02:30:53] [Server thread/INFO]: [STDOUT]: Density function compilation finished in 89.83 μs
[02:30:53] [Server thread/INFO]: Added 2 Biomes
[02:30:53] [Server thread/INFO]:  - minecraft:end_barrens, subbiomes=1
[02:30:53] [Server thread/INFO]:  - minecraft:end_midlands, subbiomes=1
[02:30:53] [Server thread/INFO]: Loading overlays for world: voidz:void
[02:30:53] [Server thread/INFO]: No existing overlay save file found
[02:30:53] [Server thread/INFO]: Loaded 0 overlays for dimension voidz:void
[02:30:53] [Server thread/INFO]: [STDOUT]: Density function compilation finished in 16.18 ms
[02:30:53] [Server thread/INFO]: Added 2 Biomes
[02:30:53] [Server thread/INFO]:  - minecraft:end_barrens, subbiomes=1
[02:30:53] [Server thread/INFO]:  - minecraft:end_midlands, subbiomes=1
[02:30:53] [Server thread/INFO]: Loading overlays for world: aether:the_aether
[02:30:53] [Server thread/INFO]: No existing overlay save file found
[02:30:53] [Server thread/INFO]: Loaded 0 overlays for dimension aether:the_aether
[02:30:53] [Server thread/INFO]: [STDOUT]: Density function compilation finished in 47.61 μs
[02:30:53] [Server thread/INFO]: Added 2 Biomes
[02:30:53] [Server thread/INFO]:  - minecraft:end_barrens, subbiomes=1
[02:30:53] [Server thread/INFO]:  - minecraft:end_midlands, subbiomes=1
[02:30:53] [Server thread/INFO]: Loading overlays for world: uf_data:data
[02:30:53] [Server thread/INFO]: No existing overlay save file found
[02:30:53] [Server thread/INFO]: Loaded 0 overlays for dimension uf_data:data
[02:30:53] [Server thread/INFO]: [STDOUT]: Density function compilation finished in 17.01 ms
[02:30:53] [Server thread/INFO]: Added 2 Biomes
[02:30:53] [Server thread/INFO]:  - minecraft:end_barrens, subbiomes=1
[02:30:53] [Server thread/INFO]:  - minecraft:end_midlands, subbiomes=1
[02:30:53] [Server thread/INFO]: Loading overlays for world: minecraft:the_end
[02:30:53] [Server thread/INFO]: No existing overlay save file found
[02:30:53] [Server thread/INFO]: Loaded 0 overlays for dimension minecraft:the_end
[02:30:53] [Server thread/INFO]: [STDOUT]: Density function compilation finished in 12.32 ms
[02:30:53] [Server thread/INFO]: Added 2 Biomes
[02:30:53] [Server thread/INFO]:  - minecraft:end_barrens, subbiomes=1
[02:30:53] [Server thread/INFO]:  - minecraft:end_midlands, subbiomes=1
[02:30:53] [Server thread/INFO]: Loading overlays for world: the_bumblezone:the_bumblezone
[02:30:53] [Server thread/INFO]: No existing overlay save file found
[02:30:53] [Server thread/INFO]: Loaded 0 overlays for dimension the_bumblezone:the_bumblezone
[02:30:53] [Server thread/INFO]: [STDOUT]: Density function compilation finished in 84.18 ms
[02:30:53] [Server thread/INFO]: Added 2 Biomes
[02:30:53] [Server thread/INFO]:  - minecraft:end_barrens, subbiomes=1
[02:30:53] [Server thread/INFO]:  - minecraft:end_midlands, subbiomes=1
[02:30:53] [Server thread/INFO]: Loading overlays for world: deeperdarker:otherside
[02:30:53] [Server thread/INFO]: No existing overlay save file found
[02:30:53] [Server thread/INFO]: Loaded 0 overlays for dimension deeperdarker:otherside
[02:30:53] [Server thread/WARN]: Non-unique structure_set salt:0 potentially creating overlapping structures detected. Structure sets: [minecraft:mineshafts, minecraft:strongholds, minecraft:buried_treasures]
[02:30:53] [Server thread/WARN]: Non-unique structure_set salt:100922847 potentially creating overlapping structures detected. Structure sets: [mns:medium_house, mns:medium_house_2]
[02:30:53] [Server thread/WARN]: Non-unique structure_set salt:10387313 potentially creating overlapping structures detected. Structure sets: [minecraft:ocean_monuments, minecraft:end_cities]
[02:30:53] [Server thread/WARN]: Non-unique structure_set salt:298952413 potentially creating overlapping structures detected. Structure sets: [mvs:nether_well, mvs:warped_house]
[02:30:53] [Server thread/WARN]: Non-unique structure_set salt:474578 potentially creating overlapping structures detected. Structure sets: [mns:bridge_4, mns:bridge_1]
[02:30:53] [Server thread/WARN]: Non-unique structure_set salt:411702122 potentially creating overlapping structures detected. Structure sets: [repurposed_structures:outposts_overworld, repurposed_structures:outposts_ocean]
[02:30:53] [Server thread/WARN]: Non-unique structure_set salt:429454167 potentially creating overlapping structures detected. Structure sets: [farmers_structures:ratatouille_with_all, farmers_structures:squid_farm_with_all]
[02:30:53] [Server thread/WARN]: Non-unique structure_set salt:784827271 potentially creating overlapping structures detected. Structure sets: [betterfortresses:fortress, betteroceanmonuments:ocean_monument]
[02:30:53] [Server thread/WARN]: Non-unique structure_set salt:420699602 potentially creating overlapping structures detected. Structure sets: [structory_towers:ultra_rare_towers, structory_towers:towers, structory_towers:end_towers]
[02:30:53] [Server thread/WARN]: Non-unique structure_set salt:10387319 potentially creating overlapping structures detected. Structure sets: [minecraft:illager_manor, minecraft:woodland_mansions]
[02:30:53] [Server thread/WARN]: Non-unique structure_set salt:499672 potentially creating overlapping structures detected. Structure sets: [bosses_of_mass_destruction:obsidilith_arena, bosses_of_mass_destruction:gauntlet_arena]
[02:30:54] [Server thread/WARN]: Adding Biomes to structure: structory:abandoned_camp tag:structory:has_structure/chapel mins:0.588 biomes: [biomesoplenty:redwood_forest:0.609, biomesoplenty:seasonal_forest:0.597, biomesoplenty:woodland:0.612]
[02:30:54] [Server thread/WARN]: Adding Biomes to structure: structory:abandoned_chapel tag:structory:has_structure/chapel mins:0.588 biomes: [biomesoplenty:redwood_forest:0.609, biomesoplenty:seasonal_forest:0.597, biomesoplenty:woodland:0.612]
[02:30:54] [Server thread/WARN]: Adding Biomes to structure: adorabuild_structures:acacia_house_medium_1 tag:adorabuild_structures:has_structure/acacia_house mins:0.66 biomes: [minecraft:savanna_plateau:0.666]
[02:30:54] [Server thread/WARN]: Adding Biomes to structure: adorabuild_structures:acacia_house_medium_2 tag:adorabuild_structures:has_structure/acacia_house mins:0.66 biomes: [minecraft:savanna_plateau:0.666]
[02:30:54] [Server thread/WARN]: Adding Biomes to structure: adorabuild_structures:acacia_house_medium_3 tag:adorabuild_structures:has_structure/acacia_house mins:0.66 biomes: [minecraft:savanna_plateau:0.666]
[02:30:54] [Server thread/WARN]: Adding Biomes to structure: adorabuild_structures:acacia_house_small_1 tag:adorabuild_structures:has_structure/acacia_house mins:0.66 biomes: [minecraft:savanna_plateau:0.666]
[02:30:54] [Server thread/WARN]: Adding Biomes to structure: adorabuild_structures:acacia_house_small_2 tag:adorabuild_structures:has_structure/acacia_house mins:0.66 biomes: [minecraft:savanna_plateau:0.666]
[02:30:54] [Server thread/WARN]: Adding Biomes to structure: adorabuild_structures:acacia_well_1 tag:adorabuild_structures:has_structure/acacia_house mins:0.66 biomes: [minecraft:savanna_plateau:0.666]
[02:30:54] [Server thread/WARN]: Adding Biomes to structure: betternether:altars tag:betternether:has_structure/nether_decorations mins:0.87 biomes: [betternether:upside_down_forest:0.896, betternether:upside_down_forest_cleared:0.906, minecraft:crimson_forest:0.884]
[02:30:54] [Server thread/WARN]: Adding Biomes to structure: adorabuild_structures:ancient_palace_1 tag:adorabuild_structures:has_structure/end mins:0.84 biomes: [betterend:crystal_mountains:0.876]
[02:30:54] [Server thread/WARN]: Adding Biomes to structure: adorabuild_structures:ancient_palace_2 tag:adorabuild_structures:has_structure/end mins:0.84 biomes: [betterend:crystal_mountains:0.876]
[02:30:54] [Server thread/WARN]: Adding Biomes to structure: adorabuild_structures:ancient_palace_3 tag:adorabuild_structures:has_structure/end mins:0.84 biomes: [betterend:crystal_mountains:0.876]
[02:30:55] [Server thread/WARN]: Adding Biomes to structure: explorify:badlands_pyramid tag:explorify:has_structure/badlands_pyramid mins:1.307 biomes: [minecraft:eroded_badlands:1.362]
[02:30:55] [Server thread/WARN]: Adding Biomes to structure: minecraft:bastion_remnant tag:minecraft:has_structure/bastion_remnant mins:0.802 biomes: [betternether:wart_forest_edge:0.826, betternether:upside_down_forest:0.816, betternether:crimson_pinewood:0.831, betternether:bone_reef:0.807, betternether:crimson_glowing_woods:0.831, betternether:nether_mushroom_forest_edge:0.836, betternether:wart_forest:0.824]
[02:30:55] [Server thread/WARN]: Adding Biomes to structure: mvs:bee_dome tag:c:is_birch_forest mins:0.909 biomes: [biomesoplenty:woodland:0.947]
[02:30:55] [Server thread/WARN]: Adding Biomes to structure: adorabuild_structures:birch_beehive_1 tag:adorabuild_structures:has_structure/birch_house mins:0.759 biomes: [biomesoplenty:redwood_forest:0.768, biomesoplenty:woodland:0.791]
[02:30:55] [Server thread/WARN]: Adding Biomes to structure: adorabuild_structures:birch_house_medium_1 tag:adorabuild_structures:has_structure/birch_house mins:0.759 biomes: [biomesoplenty:redwood_forest:0.768, biomesoplenty:woodland:0.791]
[02:30:55] [Server thread/WARN]: Adding Biomes to structure: adorabuild_structures:birch_house_medium_2 tag:adorabuild_structures:has_structure/birch_house mins:0.759 biomes: [biomesoplenty:redwood_forest:0.768, biomesoplenty:woodland:0.791]
[02:30:55] [Server thread/WARN]: Adding Biomes to structure: adorabuild_structures:birch_house_small_1 tag:adorabuild_structures:has_structure/birch_house mins:0.759 biomes: [biomesoplenty:redwood_forest:0.768, biomesoplenty:woodland:0.791]
[02:30:55] [Server thread/WARN]: Adding Biomes to structure: adorabuild_structures:birch_house_small_2 tag:adorabuild_structures:has_structure/birch_house mins:0.759 biomes: [biomesoplenty:redwood_forest:0.768, biomesoplenty:woodland:0.791]
[02:30:55] [Server thread/WARN]: Adding Biomes to structure: mvs:birch_log_pile tag:c:is_birch_forest mins:0.909 biomes: [biomesoplenty:woodland:0.947]
[02:30:55] [Server thread/WARN]: Adding Biomes to structure: mvs:birch_tree tag:c:is_birch_forest mins:0.909 biomes: [biomesoplenty:woodland:0.947]
[02:30:55] [Server thread/WARN]: Adding Biomes to structure: adorabuild_structures:birch_tree_1 tag:adorabuild_structures:has_structure/birch_house mins:0.759 biomes: [biomesoplenty:redwood_forest:0.768, biomesoplenty:woodland:0.791]
[02:30:55] [Server thread/WARN]: Adding Biomes to structure: mvs:birch_well tag:c:is_birch_forest mins:0.909 biomes: [biomesoplenty:woodland:0.947]
[02:30:55] [Server thread/WARN]: Adding Biomes to structure: explorify:black_spiral tag:explorify:has_structure/black_spiral mins:0.802 biomes: [betternether:wart_forest_edge:0.826, betternether:upside_down_forest:0.816, betternether:crimson_pinewood:0.831, betternether:bone_reef:0.807, betternether:crimson_glowing_woods:0.831, betternether:nether_mushroom_forest_edge:0.836, betternether:wart_forest:0.824]
[02:30:55] [Server thread/WARN]: Adding Biomes to structure: adventuredungeons:bygonedungeon tag:adventuredungeons:bygonedungeon mins:0.725 biomes: [biomesoplenty:redwood_forest:0.745, minecraft:dark_forest:0.746, biomesoplenty:woodland:0.755]
[02:30:55] [Server thread/WARN]: Adding Biomes to structure: explorify:campsite tag:explorify:has_structure/campsite mins:0.65 biomes: [biomesoplenty:fir_clearing:0.678]
[02:30:55] [Server thread/WARN]: Adding Biomes to structure: repurposed_structures:city_overworld tag:repurposed_structures:has_structure/cities/overworld mins:0.649 biomes: [minecraft:old_growth_birch_forest:0.653]
[02:30:55] [Server thread/WARN]: Adding Biomes to structure: formationsoverworld:copper_spire tag:formationsoverworld:has_structure/copper_spire mins:0.535 biomes: [minecraft:sunflower_plains:0.552]
[02:30:55] [Server thread/WARN]: Adding Biomes to structure: adorabuild_structures:crimson_house_medium_1 tag:adorabuild_structures:has_structure/crimson_house mins:0.989 biomes: [betternether:old_swampland:1.03, betternether:wart_forest_edge:0.992, betternether:nether_mushroom_forest:1.003, betternether:old_fungiwoods:1.01, betternether:nether_swampland:1.012, betternether:nether_mushroom_forest_edge:1.001, betternether:wart_forest:0.99]
[02:30:55] [Server thread/WARN]: Adding Biomes to structure: adorabuild_structures:crimson_house_medium_2 tag:adorabuild_structures:has_structure/crimson_house mins:0.989 biomes: [betternether:old_swampland:1.03, betternether:wart_forest_edge:0.992, betternether:nether_mushroom_forest:1.003, betternether:old_fungiwoods:1.01, betternether:nether_swampland:1.012, betternether:nether_mushroom_forest_edge:1.001, betternether:wart_forest:0.99]
[02:30:56] [Server thread/WARN]: Adding Biomes to structure: adorabuild_structures:dark_oak_ship_1 tag:adorabuild_structures:ocean/any mins:0.69 biomes: [minecraft:deep_frozen_ocean:0.719]
[02:30:56] [Server thread/WARN]: Adding Biomes to structure: mvs:dead_tree_birch tag:c:is_birch_forest mins:0.909 biomes: [biomesoplenty:woodland:0.947]
[02:30:56] [Server thread/WARN]: Adding Biomes to structure: adorabuild_structures:end_bubble_large_1 tag:adorabuild_structures:has_structure/end mins:0.84 biomes: [betterend:crystal_mountains:0.876]
[02:30:56] [Server thread/WARN]: Adding Biomes to structure: adorabuild_structures:end_bubble_medium_1 tag:adorabuild_structures:has_structure/end mins:0.84 biomes: [betterend:crystal_mountains:0.876]
[02:30:56] [Server thread/WARN]: Adding Biomes to structure: adorabuild_structures:end_bubble_medium_2 tag:adorabuild_structures:has_structure/end mins:0.84 biomes: [betterend:crystal_mountains:0.876]
[02:30:56] [Server thread/WARN]: Adding Biomes to structure: minecraft:end_city tag:minecraft:has_structure/end_city mins:0.812 biomes: [betterend:dragon_graveyards:0.825, betterend:dust_wastelands:0.841, betterend:painted_mountains:0.845, betterend:sulphur_springs:0.836, betterend:crystal_mountains:0.831, betterend:blossoming_spires:0.843, betterend:umbra_valley:0.816]
[02:30:56] [Server thread/WARN]: Adding Biomes to structure: adorabuild_structures:end_gateway_large_1 tag:adorabuild_structures:has_structure/end mins:0.84 biomes: [betterend:crystal_mountains:0.876]
[02:30:56] [Server thread/WARN]: Adding Biomes to structure: adorabuild_structures:end_gateway_small_1 tag:adorabuild_structures:has_structure/end mins:0.84 biomes: [betterend:crystal_mountains:0.876]
[02:30:56] [Server thread/WARN]: Adding Biomes to structure: adorabuild_structures:end_house_medium_1 tag:adorabuild_structures:has_structure/end mins:0.84 biomes: [betterend:crystal_mountains:0.876]
[02:30:56] [Server thread/WARN]: Adding Biomes to structure: adorabuild_structures:end_house_medium_2 tag:adorabuild_structures:has_structure/end mins:0.84 biomes: [betterend:crystal_mountains:0.876]
[02:30:56] [Server thread/WARN]: Adding Biomes to structure: adorabuild_structures:end_house_medium_3 tag:adorabuild_structures:has_structure/end mins:0.84 biomes: [betterend:crystal_mountains:0.876]
[02:30:56] [Server thread/WARN]: Adding Biomes to structure: adorabuild_structures:end_house_small_1 tag:adorabuild_structures:has_structure/end mins:0.84 biomes: [betterend:crystal_mountains:0.876]
[02:30:56] [Server thread/WARN]: Adding Biomes to structure: adorabuild_structures:end_house_small_2 tag:adorabuild_structures:has_structure/end mins:0.84 biomes: [betterend:crystal_mountains:0.876]
[02:30:56] [Server thread/WARN]: Adding Biomes to structure: adorabuild_structures:end_ship_small_1 tag:adorabuild_structures:has_structure/end mins:0.84 biomes: [betterend:crystal_mountains:0.876]
[02:30:56] [Server thread/WARN]: Adding Biomes to structure: explorify:end_shipwreck tag:explorify:has_structure/end_shipwreck mins:0.812 biomes: [betterend:dragon_graveyards:0.825, betterend:dust_wastelands:0.841, betterend:painted_mountains:0.845, betterend:sulphur_springs:0.836, betterend:crystal_mountains:0.831, betterend:blossoming_spires:0.843, betterend:umbra_valley:0.816]
[02:30:56] [Server thread/WARN]: Adding Biomes to structure: adorabuild_structures:end_temple_large_1 tag:adorabuild_structures:has_structure/end mins:0.84 biomes: [betterend:crystal_mountains:0.876]
[02:30:56] [Server thread/WARN]: Adding Biomes to structure: adorabuild_structures:end_temple_small_1 tag:adorabuild_structures:has_structure/end mins:0.84 biomes: [betterend:crystal_mountains:0.876]
[02:30:56] [Server thread/WARN]: Adding Biomes to structure: betterend:end_village tag:betterend:has_structure/end_village mins:1.032 biomes: [betterend:dragon_graveyards:1.043, betterend:painted_mountains:1.073, betterend:dry_shrubland:1.073, betterend:crystal_mountains:1.05, betterend:neon_oasis:1.075]
[02:30:56] [Server thread/WARN]: Adding Biomes to structure: structory_towers:farmer_outpost tag:structory_towers:oak_biomes mins:0.628 biomes: [minecraft:birch_forest:0.654]
[02:30:56] [Server thread/WARN]: Adding Biomes to structure: formationsoverworld:farmland_field tag:formationsoverworld:has_structure/farmland_field mins:0.688 biomes: [minecraft:sunflower_plains:0.717]
[02:30:56] [Server thread/WARN]: Adding Biomes to structure: explorify:farmstead tag:explorify:has_structure/farmstead mins:0.729 biomes: [minecraft:sunflower_plains:0.76, biomesoplenty:rocky_shrubland:0.731]
[02:30:56] [Server thread/WARN]: Adding Biomes to structure: structory:firetower tag:structory:has_structure/firetower mins:0.632 biomes: [minecraft:birch_forest:0.642]
[02:30:56] [Server thread/WARN]: Adding Biomes to structure: mvs:flower_hole tag:c:is_floral mins:0.569 biomes: [natures_spirit:cypress_fields:0.579]
[02:30:56] [Server thread/WARN]: Adding Biomes to structure: structory_towers:foraging_outpost tag:structory_towers:dense_forests mins:0.686 biomes: [minecraft:birch_forest:0.714]
[02:30:56] [Server thread/WARN]: Adding Biomes to structure: betternether:gardens tag:betternether:has_structure/nether_decorations mins:0.87 biomes: [betternether:upside_down_forest:0.896, betternether:upside_down_forest_cleared:0.906, minecraft:crimson_forest:0.884]
[02:30:56] [Server thread/WARN]: Adding Biomes to structure: betternether:ghast_hive tag:betternether:has_structure/ghast_hive mins:0.87 biomes: [betternether:upside_down_forest:0.896, betternether:upside_down_forest_cleared:0.906, minecraft:crimson_forest:0.884]
[02:30:56] [Server thread/WARN]: Adding Biomes to structure: betterend:giant_mossy_glowshroom tag:betterend:has_structure/giant_mossy_glowshroom mins:1.005 biomes: [betterend:umbrella_jungle:1.024, betterend:amber_land:1.045, betterend:blossoming_spires:1.032, betterend:lantern_woods:1.047]
[02:30:56] [Server thread/WARN]: Adding Biomes to structure: structory:graveyard tag:structory:has_structure/chapel mins:0.588 biomes: [biomesoplenty:redwood_forest:0.609, biomesoplenty:seasonal_forest:0.597, biomesoplenty:woodland:0.612]
[02:30:56] [Server thread/WARN]: Adding Biomes to structure: formationsoverworld:hobbit_hole tag:formationsoverworld:has_structure/hobbit_hole mins:0.535 biomes: [minecraft:sunflower_plains:0.552]
[02:30:56] [Server thread/WARN]: Adding Biomes to structure: formationsoverworld:ice_castle tag:formationsoverworld:has_structure/ice_castle mins:0.764 biomes: [minecraft:deep_cold_ocean:0.796]
[02:30:56] [Server thread/WARN]: Adding Biomes to structure: repurposed_structures:igloo_grassy tag:repurposed_structures:has_structure/igloos/grassy mins:0.674 biomes: [minecraft:birch_forest:0.701, biomesoplenty:redwood_forest:0.678, minecraft:old_growth_birch_forest:0.702]
[02:30:56] [Server thread/WARN]: Adding Biomes to structure: repurposed_structures:igloo_stone tag:repurposed_structures:has_structure/igloos/stone mins:0.656 biomes: [minecraft:old_growth_birch_forest:0.675, biomesoplenty:woodland:0.671, minecraft:birch_forest:0.67]
[02:30:56] [Server thread/WARN]: Adding Biomes to structure: minecraft:jungle_pyramid tag:minecraft:has_structure/jungle_temple mins:0.9 biomes: [biomesoplenty:rocky_rainforest:0.937]
[02:30:56] [Server thread/WARN]: Adding Biomes to structure: betterjungletemples:jungle_temple tag:betterjungletemples:has_structure/better_jungle_temple mins:0.9 biomes: [biomesoplenty:rocky_rainforest:0.937]
[02:30:56] [Server thread/WARN]: Adding Biomes to structure: betternether:jungle_temples tag:betternether:has_structure/jungle_temples mins:0.996 biomes: [minecraft:warped_forest:1.037]
[02:30:56] [Server thread/WARN]: Adding Biomes to structure: adorabuild_structures:library_large_1 tag:adorabuild_structures:has_structure/oak_house mins:0.668 biomes: [minecraft:birch_forest:0.694, biomesoplenty:redwood_forest:0.675, minecraft:old_growth_birch_forest:0.696]
[02:30:56] [Server thread/WARN]: Adding Biomes to structure: adorabuild_structures:library_small_1 tag:adorabuild_structures:has_structure/oak_house mins:0.668 biomes: [minecraft:birch_forest:0.694, biomesoplenty:redwood_forest:0.675, minecraft:old_growth_birch_forest:0.696]
[02:30:56] [Server thread/WARN]: Adding Biomes to structure: adorabuild_structures:mangrove_ship_1 tag:adorabuild_structures:ocean/cold mins:0.766 biomes: [minecraft:deep_frozen_ocean:0.798]
[02:30:56] [Server thread/WARN]: Adding Biomes to structure: repurposed_structures:mansion_birch tag:repurposed_structures:has_structure/mansions/birch mins:0.909 biomes: [biomesoplenty:woodland:0.947]
[02:30:56] [Server thread/WARN]: Adding Biomes to structure: repurposed_structures:mansion_oak tag:repurposed_structures:has_structure/mansions/oak mins:0.858 biomes: [minecraft:birch_forest:0.891, minecraft:old_growth_birch_forest:0.894]
[02:30:56] [Server thread/WARN]: Adding Biomes to structure: repurposed_structures:mansion_snowy tag:repurposed_structures:has_structure/mansions/snowy mins:0.824 biomes: [biomesoplenty:snowy_coniferous_forest:0.859]
[02:30:56] [Server thread/WARN]: Adding Biomes to structure: repurposed_structures:mansion_taiga tag:repurposed_structures:has_structure/mansions/taiga mins:0.784 biomes: [minecraft:old_growth_pine_taiga:0.81]
[02:30:56] [Server thread/WARN]: Adding Biomes to structure: explorify:mausoleum tag:explorify:has_structure/mausoleum mins:0.63 biomes: [biomesoplenty:field:0.656]
[02:30:56] [Server thread/WARN]: Adding Biomes to structure: betterend:megalake tag:betterend:has_structure/megalake mins:1.291 biomes: [betterend:megalake_grove:1.345]
[02:30:56] [Server thread/WARN]: Adding Biomes to structure: betterend:megalake_small tag:betterend:has_structure/megalake_small mins:1.054 biomes: [betterend:megalake:1.098]
[02:30:56] [Server thread/WARN]: Adding Biomes to structure: formationsoverworld:meteor tag:formationsoverworld:has_structure/meteor mins:0.538 biomes: [biomesoplenty:forested_field:0.539]
[02:30:56] [Server thread/WARN]: Adding Biomes to structure: bettermineshafts:mineshaft_acacia tag:bettermineshafts:has_structure/better_mineshaft_acacia mins:0.845 biomes: [natures_spirit:arid_savanna:0.853]
[02:30:56] [Server thread/WARN]: Adding Biomes to structure: repurposed_structures:mineshaft_basalt tag:repurposed_structures:has_structure/mineshafts/basalt mins:0.831 biomes: [betternether:sulfuric_bone_reef:0.859, betternether:bone_reef:0.857, betternether:old_warped_woods:0.865, betternether:nether_grasslands:0.865, betternether:poor_nether_grasslands:0.865]
[02:30:56] [Server thread/WARN]: Adding Biomes to structure: repurposed_structures:mineshaft_birch tag:repurposed_structures:has_structure/mineshafts/birch mins:0.909 biomes: [biomesoplenty:woodland:0.947]
[02:30:56] [Server thread/WARN]: Adding Biomes to structure: repurposed_structures:mineshaft_crimson tag:repurposed_structures:has_structure/mineshafts/crimson mins:1.009 biomes: [betternether:nether_swampland_terraces:1.051]
[02:30:56] [Server thread/WARN]: Adding Biomes to structure: repurposed_structures:mineshaft_soul tag:repurposed_structures:has_structure/mineshafts/soul mins:0.806 biomes: [betternether:old_swampland:0.834, betternether:nether_mushroom_forest:0.831, betternether:sulfuric_bone_reef:0.837, betternether:upside_down_forest_cleared:0.814, betternether:gravel_desert:0.84, betternether:crimson_pinewood:0.829, betternether:old_fungiwoods:0.832, betternether:bone_reef:0.835, betternether:old_warped_woods:0.836, betternether:magma_land:0.83, betternether:crimson_glowing_woods:0.829, betternether:nether_mushroom_forest_edge:0.832]
[02:30:56] [Server thread/WARN]: Adding Biomes to structure: repurposed_structures:mineshaft_warped tag:repurposed_structures:has_structure/mineshafts/warped mins:0.817 biomes: [betternether:nether_mushroom_forest:0.818, betternether:sulfuric_bone_reef:0.851, betternether:gravel_desert:0.818, betternether:nether_grasslands:0.818]
[02:30:56] [Server thread/WARN]: Adding Biomes to structure: betterend:mountain tag:betterend:has_structure/mountain mins:1.034 biomes: [betterend:dust_wastelands:1.041, betterend:painted_mountains:1.077, betterend:dry_shrubland:1.049]
[02:30:56] [Server thread/WARN]: Adding Biomes to structure: adventuredungeons:murkydungeon tag:adventuredungeons:murkydungeon mins:0.901 biomes: [natures_spirit:marsh:0.938]
[02:30:57] [Server thread/WARN]: Adding Biomes to structure: betternether:nether_city tag:betternether:has_structure/nether_city mins:0.824 biomes: [betternether:wart_forest_edge:0.859, betternether:nether_mushroom_forest_edge:0.855]
[02:30:57] [Server thread/WARN]: Adding Biomes to structure: minecraft:nether_fossil tag:minecraft:has_structure/nether_fossil mins:0.748 biomes: [betternether:upside_down_forest_cleared:0.779]
[02:30:57] [Server thread/WARN]: Adding Biomes to structure: adorabuild_structures:nether_fossil_1 tag:adorabuild_structures:has_structure/nether_fossil mins:0.82 biomes: [betternether:nether_mushroom_forest:0.852, betternether:upside_down_forest_cleared:0.841, betternether:crimson_pinewood:0.855, betternether:gravel_desert:0.842, betternether:old_fungiwoods:0.853, betternether:old_warped_woods:0.846, minecraft:crimson_forest:0.832, betternether:crimson_glowing_woods:0.855, betternether:magma_land:0.831, betternether:nether_mushroom_forest_edge:0.848]
[02:30:57] [Server thread/WARN]: Adding Biomes to structure: adorabuild_structures:oak_house_large_1 tag:adorabuild_structures:has_structure/oak_house mins:0.668 biomes: [minecraft:birch_forest:0.694, biomesoplenty:redwood_forest:0.675, minecraft:old_growth_birch_forest:0.696]
[02:30:57] [Server thread/WARN]: Adding Biomes to structure: adorabuild_structures:oak_house_medium_1 tag:adorabuild_structures:has_structure/oak_house mins:0.668 biomes: [minecraft:birch_forest:0.694, biomesoplenty:redwood_forest:0.675, minecraft:old_growth_birch_forest:0.696]
[02:30:57] [Server thread/WARN]: Adding Biomes to structure: adorabuild_structures:oak_house_medium_2 tag:adorabuild_structures:has_structure/oak_house mins:0.668 biomes: [minecraft:birch_forest:0.694, biomesoplenty:redwood_forest:0.675, minecraft:old_growth_birch_forest:0.696]
[02:30:57] [Server thread/WARN]: Adding Biomes to structure: adorabuild_structures:oak_house_small_1 tag:adorabuild_structures:has_structure/oak_house mins:0.668 biomes: [minecraft:birch_forest:0.694, biomesoplenty:redwood_forest:0.675, minecraft:old_growth_birch_forest:0.696]
[02:30:57] [Server thread/WARN]: Adding Biomes to structure: adorabuild_structures:oak_house_small_2 tag:adorabuild_structures:has_structure/oak_house mins:0.668 biomes: [minecraft:birch_forest:0.694, biomesoplenty:redwood_forest:0.675, minecraft:old_growth_birch_forest:0.696]
[02:30:57] [Server thread/WARN]: Adding Biomes to structure: adorabuild_structures:oak_house_small_3 tag:adorabuild_structures:has_structure/oak_house mins:0.668 biomes: [minecraft:birch_forest:0.694, biomesoplenty:redwood_forest:0.675, minecraft:old_growth_birch_forest:0.696]
[02:30:57] [Server thread/WARN]: Adding Biomes to structure: adorabuild_structures:oak_hut_1 tag:adorabuild_structures:has_structure/oak_house mins:0.668 biomes: [minecraft:birch_forest:0.694, biomesoplenty:redwood_forest:0.675, minecraft:old_growth_birch_forest:0.696]
[02:30:57] [Server thread/WARN]: Adding Biomes to structure: adorabuild_structures:oak_tree_1 tag:adorabuild_structures:has_structure/oak_house mins:0.668 biomes: [minecraft:birch_forest:0.694, biomesoplenty:redwood_forest:0.675, minecraft:old_growth_birch_forest:0.696]
[02:30:57] [Server thread/WARN]: Adding Biomes to structure: structory:outcast_villager_grassy tag:structory:has_structure/outcast_villager_grassy mins:0.643 biomes: [biomesoplenty:redwood_forest:0.649, biomesoplenty:woodland:0.67]
[02:30:57] [Server thread/WARN]: Adding Biomes to structure: repurposed_structures:outpost_basalt tag:repurposed_structures:has_structure/outposts/basalt mins:0.831 biomes: [betternether:sulfuric_bone_reef:0.859, betternether:bone_reef:0.857, betternether:old_warped_woods:0.865, betternether:nether_grasslands:0.865, betternether:poor_nether_grasslands:0.865]
[02:30:57] [Server thread/WARN]: Adding Biomes to structure: repurposed_structures:outpost_birch tag:repurposed_structures:has_structure/outposts/birch mins:0.909 biomes: [biomesoplenty:woodland:0.947]
[02:30:57] [Server thread/WARN]: Adding Biomes to structure: repurposed_structures:outpost_crimson tag:repurposed_structures:has_structure/outposts/crimson mins:1.009 biomes: [betternether:nether_swampland_terraces:1.051]
[02:30:57] [Server thread/WARN]: Adding Biomes to structure: repurposed_structures:outpost_giant_tree_taiga tag:repurposed_structures:has_structure/outposts/giant_tree_taiga mins:0.672 biomes: [minecraft:old_growth_birch_forest:0.688, biomesoplenty:woodland:0.681, minecraft:birch_forest:0.681]
[02:30:57] [Server thread/WARN]: Adding Biomes to structure: repurposed_structures:outpost_oak tag:repurposed_structures:has_structure/outposts/oak mins:0.858 biomes: [minecraft:birch_forest:0.891, minecraft:old_growth_birch_forest:0.894]
[02:30:57] [Server thread/WARN]: Adding Biomes to structure: repurposed_structures:outpost_soul tag:repurposed_structures:has_structure/outposts/soul mins:0.806 biomes: [betternether:old_swampland:0.834, betternether:nether_mushroom_forest:0.831, betternether:sulfuric_bone_reef:0.837, betternether:upside_down_forest_cleared:0.814, betternether:gravel_desert:0.84, betternether:crimson_pinewood:0.829, betternether:old_fungiwoods:0.832, betternether:bone_reef:0.835, betternether:old_warped_woods:0.836, betternether:magma_land:0.83, betternether:crimson_glowing_woods:0.829, betternether:nether_mushroom_forest_edge:0.832]
[02:30:57] [Server thread/WARN]: Adding Biomes to structure: repurposed_structures:outpost_taiga tag:repurposed_structures:has_structure/outposts/taiga mins:0.784 biomes: [minecraft:old_growth_pine_taiga:0.81]
[02:30:57] [Server thread/WARN]: Adding Biomes to structure: repurposed_structures:outpost_warped tag:repurposed_structures:has_structure/outposts/warped mins:0.817 biomes: [betternether:nether_mushroom_forest:0.818, betternether:sulfuric_bone_reef:0.851, betternether:gravel_desert:0.818, betternether:nether_grasslands:0.818]
[02:30:57] [Server thread/WARN]: Adding Biomes to structure: betterend:painted_mountain tag:betterend:has_structure/painted_mountain mins:1.071 biomes: [betterend:dragon_graveyards:1.089, betterend:dust_wastelands:1.106, betterend:dry_shrubland:1.113, betterend:crystal_mountains:1.116, betterend:neon_oasis:1.095]
[02:30:57] [Server thread/WARN]: Adding Biomes to structure: structory_towers:pillager_lookout tag:minecraft:has_structure/pillager_outpost mins:0.53 biomes: [biomesoplenty:highland:0.552]
[02:30:57] [Server thread/WARN]: Adding Biomes to structure: minecraft:pillager_outpost tag:minecraft:has_structure/pillager_outpost mins:0.53 biomes: [biomesoplenty:highland:0.552]
[02:30:57] [Server thread/WARN]: Adding Biomes to structure: betternether:pillars tag:betternether:has_structure/nether_decorations mins:0.87 biomes: [betternether:upside_down_forest:0.896, betternether:upside_down_forest_cleared:0.906, minecraft:crimson_forest:0.884]
[02:30:57] [Server thread/WARN]: Adding Biomes to structure: betternether:portals tag:betternether:has_structure/nether_decorations mins:0.87 biomes: [betternether:upside_down_forest:0.896, betternether:upside_down_forest_cleared:0.906, minecraft:crimson_forest:0.884]
[02:30:57] [Server thread/WARN]: Adding Biomes to structure: adorabuild_structures:prison_large_1 tag:adorabuild_structures:has_structure/prison mins:0.606 biomes: [biomesoplenty:redwood_forest:0.631, biomesoplenty:aspen_glade:0.615]
[02:30:57] [Server thread/WARN]: Adding Biomes to structure: adorabuild_structures:prison_small_1 tag:adorabuild_structures:has_structure/prison mins:0.606 biomes: [biomesoplenty:redwood_forest:0.631, biomesoplenty:aspen_glade:0.615]
[02:30:57] [Server thread/WARN]: Adding Biomes to structure: betternether:pyramid tag:betternether:has_structure/pyramid mins:0.87 biomes: [betternether:upside_down_forest:0.896, betternether:upside_down_forest_cleared:0.906, minecraft:crimson_forest:0.884]
[02:30:57] [Server thread/WARN]: Adding Biomes to structure: repurposed_structures:pyramid_flower_forest tag:repurposed_structures:has_structure/pyramids/flower_forest mins:0.571 biomes: [natures_spirit:cypress_fields:0.574]
[02:30:57] [Server thread/WARN]: Adding Biomes to structure: repurposed_structures:pyramid_giant_tree_taiga tag:repurposed_structures:has_structure/pyramids/giant_tree_taiga mins:0.672 biomes: [minecraft:old_growth_birch_forest:0.688, biomesoplenty:woodland:0.681, minecraft:birch_forest:0.681]
[02:30:57] [Server thread/WARN]: Adding Biomes to structure: farmers_structures:ratatouille tag:farmers_structures:is_ratatouille_spawn mins:0.901 biomes: [natures_spirit:marsh:0.938]
[02:30:57] [Server thread/WARN]: Adding Biomes to structure: betternether:respawn_points tag:betternether:has_structure/nether_decorations mins:0.87 biomes: [betternether:upside_down_forest:0.896, betternether:upside_down_forest_cleared:0.906, minecraft:crimson_forest:0.884]
[02:30:57] [Server thread/WARN]: Adding Biomes to structure: structory:ruin_grassy tag:structory:has_structure/outcast_villager_grassy mins:0.643 biomes: [biomesoplenty:redwood_forest:0.649, biomesoplenty:woodland:0.67]
[02:30:57] [Server thread/WARN]: Adding Biomes to structure: explorify:ruins tag:explorify:has_structure/ruins mins:0.9 biomes: [biomesoplenty:rocky_rainforest:0.937]
[02:30:57] [Server thread/WARN]: Adding Biomes to structure: repurposed_structures:ruins_land_cold tag:repurposed_structures:has_structure/ruins/land_cold mins:0.653 biomes: [minecraft:old_growth_pine_taiga:0.68, biomesoplenty:tundra:0.671]
[02:30:57] [Server thread/WARN]: Adding Biomes to structure: adventuredungeons:ruins_standard tag:adventuredungeons:ruins_standard mins:0.673 biomes: [minecraft:birch_forest:0.701]
[02:30:57] [Server thread/WARN]: Adding Biomes to structure: repurposed_structures:shipwreck_crimson tag:repurposed_structures:has_structure/shipwrecks/crimson mins:1.009 biomes: [betternether:nether_swampland_terraces:1.051]
[02:30:57] [Server thread/WARN]: Adding Biomes to structure: repurposed_structures:shipwreck_warped tag:repurposed_structures:has_structure/shipwrecks/warped mins:0.817 biomes: [betternether:nether_mushroom_forest:0.818, betternether:sulfuric_bone_reef:0.851, betternether:gravel_desert:0.818, betternether:nether_grasslands:0.818]
[02:30:57] [Server thread/WARN]: Adding Biomes to structure: betterdungeons:skeleton_dungeon tag:betterdungeons:has_structure/skeleton_dungeon mins:0.509 biomes: [minecraft:mangrove_swamp:0.515]
[02:30:57] [Server thread/WARN]: Adding Biomes to structure: mvs:small_birch_lantern tag:c:is_birch_forest mins:0.909 biomes: [biomesoplenty:woodland:0.947]
[02:30:57] [Server thread/WARN]: Adding Biomes to structure: betterdungeons:small_dungeon tag:betterdungeons:has_structure/small_dungeon mins:0.509 biomes: [minecraft:mangrove_swamp:0.515]
[02:30:57] [Server thread/WARN]: Adding Biomes to structure: structory_towers:small_firetower tag:structory_towers:birch_biomes mins:0.909 biomes: [biomesoplenty:woodland:0.947]
[02:30:57] [Server thread/WARN]: Adding Biomes to structure: formationsoverworld:small_house tag:formationsoverworld:has_structure/small_house mins:0.532 biomes: [minecraft:sunflower_plains:0.55]
[02:30:57] [Server thread/WARN]: Adding Biomes to structure: formationsoverworld:small_statue tag:formationsoverworld:has_structure/small_statue mins:0.535 biomes: [minecraft:sunflower_plains:0.552]
[02:30:57] [Server thread/WARN]: Adding Biomes to structure: ivp:small_village_plains tag:minecraft:has_structure/village_plains mins:0.729 biomes: [minecraft:sunflower_plains:0.76, biomesoplenty:rocky_shrubland:0.731]
[02:30:57] [Server thread/WARN]: Adding Biomes to structure: ivp:small_village_savanna tag:minecraft:has_structure/village_savanna mins:0.8 biomes: [minecraft:savanna_plateau:0.833]
[02:30:57] [Server thread/WARN]: Adding Biomes to structure: ivp:small_village_taiga tag:minecraft:has_structure/village_taiga mins:0.721 biomes: [biomesoplenty:fir_clearing:0.751]
[02:30:57] [Server thread/WARN]: Adding Biomes to structure: betternether:spawn_altar_ladder tag:betternether:has_structure/nether_decorations mins:0.87 biomes: [betternether:upside_down_forest:0.896, betternether:upside_down_forest_cleared:0.906, minecraft:crimson_forest:0.884]
[02:30:57] [Server thread/WARN]: Adding Biomes to structure: betterdungeons:spider_dungeon tag:betterdungeons:has_structure/spider_dungeon mins:0.509 biomes: [minecraft:mangrove_swamp:0.515]
[02:30:57] [Server thread/WARN]: Adding Biomes to structure: adorabuild_structures:spruce_house_large_1 tag:adorabuild_structures:has_structure/spruce_house mins:0.616 biomes: [minecraft:old_growth_pine_taiga:0.638]
[02:30:57] [Server thread/WARN]: Adding Biomes to structure: adorabuild_structures:spruce_house_medium_1 tag:adorabuild_structures:has_structure/spruce_house mins:0.616 biomes: [minecraft:old_growth_pine_taiga:0.638]
[02:30:57] [Server thread/WARN]: Adding Biomes to structure: adorabuild_structures:spruce_house_small_1 tag:adorabuild_structures:has_structure/spruce_house mins:0.616 biomes: [minecraft:old_growth_pine_taiga:0.638]
[02:30:57] [Server thread/WARN]: Adding Biomes to structure: adorabuild_structures:spruce_house_small_2 tag:adorabuild_structures:has_structure/spruce_house mins:0.616 biomes: [minecraft:old_growth_pine_taiga:0.638]
[02:30:57] [Server thread/WARN]: Adding Biomes to structure: adorabuild_structures:spruce_house_small_3 tag:adorabuild_structures:has_structure/spruce_house mins:0.616 biomes: [minecraft:old_growth_pine_taiga:0.638]
[02:30:57] [Server thread/WARN]: Adding Biomes to structure: adorabuild_structures:spruce_ship_1 tag:adorabuild_structures:ocean/cold mins:0.766 biomes: [minecraft:deep_frozen_ocean:0.798]
[02:30:57] [Server thread/WARN]: Adding Biomes to structure: formationsoverworld:stone_ore_spikes tag:formationsoverworld:has_structure/stone_ore_spikes mins:0.53 biomes: [minecraft:sunflower_plains:0.549, biomesoplenty:highland:0.549, biomesoplenty:forested_field:0.531]
[02:30:58] [Server thread/WARN]: Adding Biomes to structure: betterstrongholds:stronghold tag:betterstrongholds:has_structure/better_stronghold mins:0.509 biomes: [minecraft:mangrove_swamp:0.515]
[02:30:58] [Server thread/WARN]: Adding Biomes to structure: explorify:supply_cache/birch tag:explorify:has_structure/supply_cache/birch mins:0.909 biomes: [biomesoplenty:woodland:0.947]
[02:30:58] [Server thread/WARN]: Adding Biomes to structure: explorify:supply_cache/jungle tag:explorify:has_structure/supply_cache/jungle mins:0.949 biomes: [minecraft:bamboo_jungle:0.983]
[02:30:58] [Server thread/WARN]: Adding Biomes to structure: minecraft:swamp_hut tag:minecraft:has_structure/swamp_hut mins:0.835 biomes: [natures_spirit:marsh:0.862]
[02:30:58] [Server thread/WARN]: Adding Biomes to structure: explorify:tavern tag:explorify:has_structure/tavern mins:0.685 biomes: [minecraft:birch_forest:0.705, biomesoplenty:woodland:0.702, minecraft:sunflower_plains:0.711]
[02:30:58] [Server thread/WARN]: Adding Biomes to structure: repurposed_structures:temple_nether_basalt tag:repurposed_structures:has_structure/temples/nether_basalt mins:0.831 biomes: [betternether:sulfuric_bone_reef:0.859, betternether:bone_reef:0.857, betternether:old_warped_woods:0.865, betternether:nether_grasslands:0.865, betternether:poor_nether_grasslands:0.865]
[02:30:58] [Server thread/WARN]: Adding Biomes to structure: repurposed_structures:temple_nether_crimson tag:repurposed_structures:has_structure/temples/nether_crimson mins:1.009 biomes: [betternether:nether_swampland_terraces:1.051]
[02:30:58] [Server thread/WARN]: Adding Biomes to structure: repurposed_structures:temple_nether_soul tag:repurposed_structures:has_structure/temples/nether_soul mins:0.806 biomes: [betternether:old_swampland:0.834, betternether:nether_mushroom_forest:0.831, betternether:sulfuric_bone_reef:0.837, betternether:upside_down_forest_cleared:0.814, betternether:gravel_desert:0.84, betternether:crimson_pinewood:0.829, betternether:old_fungiwoods:0.832, betternether:bone_reef:0.835, betternether:old_warped_woods:0.836, betternether:magma_land:0.83, betternether:crimson_glowing_woods:0.829, betternether:nether_mushroom_forest_edge:0.832]
[02:30:58] [Server thread/WARN]: Adding Biomes to structure: repurposed_structures:temple_nether_warped tag:repurposed_structures:has_structure/temples/nether_warped mins:0.817 biomes: [betternether:nether_mushroom_forest:0.818, betternether:sulfuric_bone_reef:0.851, betternether:gravel_desert:0.818, betternether:nether_grasslands:0.818]
[02:30:58] [Server thread/WARN]: Adding Biomes to structure: repurposed_structures:temple_taiga tag:repurposed_structures:has_structure/temples/taiga mins:0.623 biomes: [minecraft:old_growth_birch_forest:0.631, biomesoplenty:woodland:0.63, minecraft:birch_forest:0.627]
[02:30:58] [Server thread/WARN]: Adding Biomes to structure: formationsoverworld:tiny_house tag:formationsoverworld:has_structure/tiny_house mins:0.532 biomes: [minecraft:sunflower_plains:0.55]
[02:30:58] [Server thread/WARN]: Adding Biomes to structure: formationsoverworld:tower_remnant tag:formationsoverworld:has_structure/tower_remnant mins:0.535 biomes: [minecraft:sunflower_plains:0.552]
[02:30:58] [Server thread/WARN]: Adding Biomes to structure: minecraft:trail_ruins tag:minecraft:has_structure/trail_ruins mins:0.61 biomes: [minecraft:birch_forest:0.616, biomesoplenty:woodland:0.635]
[02:30:58] [Server thread/WARN]: Adding Biomes to structure: minecraft:trial_chambers tag:minecraft:has_structure/trial_chambers mins:0.547 biomes: [natures_spirit:windswept_sugi_forest:0.552, natures_spirit:fir_forest:0.569]
[02:30:58] [Server thread/WARN]: Adding Biomes to structure: adventuredungeons:underground_camp tag:minecraft:has_structure/pillager_outpost mins:0.53 biomes: [biomesoplenty:highland:0.552]
[02:30:58] [Server thread/WARN]: Adding Biomes to structure: repurposed_structures:village_birch tag:repurposed_structures:has_structure/villages/birch mins:0.909 biomes: [biomesoplenty:woodland:0.947]
[02:30:58] [Server thread/WARN]: Adding Biomes to structure: repurposed_structures:village_cherry tag:repurposed_structures:has_structure/villages/cherry mins:0.571 biomes: [natures_spirit:cypress_fields:0.574]
[02:30:58] [Server thread/WARN]: Adding Biomes to structure: repurposed_structures:village_crimson tag:repurposed_structures:has_structure/villages/crimson mins:1.009 biomes: [betternether:nether_swampland_terraces:1.051]
[02:30:58] [Server thread/WARN]: Adding Biomes to structure: repurposed_structures:village_giant_taiga tag:repurposed_structures:has_structure/villages/giant_taiga mins:0.672 biomes: [minecraft:old_growth_birch_forest:0.688, biomesoplenty:woodland:0.681, minecraft:birch_forest:0.681]
[02:30:58] [Server thread/WARN]: Adding Biomes to structure: repurposed_structures:village_mountains tag:repurposed_structures:has_structure/villages/mountains mins:0.652 biomes: [biomesoplenty:crag:0.68]
[02:30:58] [Server thread/WARN]: Adding Biomes to structure: repurposed_structures:village_oak tag:repurposed_structures:has_structure/villages/oak mins:0.858 biomes: [minecraft:birch_forest:0.891, minecraft:old_growth_birch_forest:0.894]
[02:30:58] [Server thread/WARN]: Adding Biomes to structure: minecraft:village_plains tag:minecraft:has_structure/village_plains mins:0.729 biomes: [minecraft:sunflower_plains:0.76, biomesoplenty:rocky_shrubland:0.731]
[02:30:58] [Server thread/WARN]: Adding Biomes to structure: minecraft:village_savanna tag:minecraft:has_structure/village_savanna mins:0.8 biomes: [minecraft:savanna_plateau:0.833]
[02:30:58] [Server thread/WARN]: Adding Biomes to structure: minecraft:village_taiga tag:minecraft:has_structure/village_taiga mins:0.721 biomes: [biomesoplenty:fir_clearing:0.751]
[02:30:58] [Server thread/WARN]: Adding Biomes to structure: repurposed_structures:village_warped tag:repurposed_structures:has_structure/villages/warped mins:0.817 biomes: [betternether:nether_mushroom_forest:0.818, betternether:sulfuric_bone_reef:0.851, betternether:gravel_desert:0.818, betternether:nether_grasslands:0.818]
[02:30:58] [Server thread/WARN]: Adding Biomes to structure: villagesandpillages:village_witch tag:villagesandpillages:has_structure/village_witch mins:0.901 biomes: [natures_spirit:marsh:0.938]
[02:30:58] [Server thread/WARN]: Adding Biomes to structure: adorabuild_structures:warped_house_small_1 tag:adorabuild_structures:has_structure/warped_house mins:0.787 biomes: [betternether:sulfuric_bone_reef:0.788, betternether:gravel_desert:0.803, betternether:bone_reef:0.819, betternether:nether_grasslands:0.799, betternether:magma_land:0.791, betternether:poor_nether_grasslands:0.797]
[02:30:58] [Server thread/WARN]: Adding Biomes to structure: adorabuild_structures:warped_house_small_2 tag:adorabuild_structures:has_structure/warped_house mins:0.787 biomes: [betternether:sulfuric_bone_reef:0.788, betternether:gravel_desert:0.803, betternether:bone_reef:0.819, betternether:nether_grasslands:0.799, betternether:magma_land:0.791, betternether:poor_nether_grasslands:0.797]
[02:30:58] [Server thread/WARN]: Adding Biomes to structure: explorify:watchtower/plains tag:explorify:has_structure/watchtower_plains mins:0.729 biomes: [minecraft:sunflower_plains:0.76, biomesoplenty:rocky_shrubland:0.731]
[02:30:58] [Server thread/WARN]: Adding Biomes to structure: explorify:watchtower/savanna tag:explorify:has_structure/watchtower_savanna mins:0.8 biomes: [minecraft:savanna_plateau:0.833]
[02:30:58] [Server thread/WARN]: Adding Biomes to structure: explorify:watchtower/taiga tag:explorify:has_structure/watchtower_taiga mins:0.65 biomes: [biomesoplenty:fir_clearing:0.678]
[02:30:58] [Server thread/WARN]: Adding Biomes to structure: formationsoverworld:well tag:formationsoverworld:has_structure/well mins:0.535 biomes: [minecraft:sunflower_plains:0.552]
[02:30:58] [Server thread/WARN]: Adding Biomes to structure: betterwitchhuts:witch_hut tag:betterwitchhuts:has_structure/better_witch_hut mins:0.901 biomes: [natures_spirit:marsh:0.938]
[02:30:58] [Server thread/WARN]: Adding Biomes to structure: repurposed_structures:witch_hut_birch tag:repurposed_structures:has_structure/witch_huts/birch mins:0.909 biomes: [biomesoplenty:woodland:0.947]
[02:30:58] [Server thread/WARN]: Adding Biomes to structure: repurposed_structures:witch_hut_giant_tree_taiga tag:repurposed_structures:has_structure/witch_huts/giant_tree_taiga mins:0.672 biomes: [minecraft:old_growth_birch_forest:0.688, biomesoplenty:woodland:0.681, minecraft:birch_forest:0.681]
[02:30:58] [Server thread/WARN]: Adding Biomes to structure: repurposed_structures:witch_hut_oak tag:repurposed_structures:has_structure/witch_huts/oak mins:0.858 biomes: [minecraft:birch_forest:0.891, minecraft:old_growth_birch_forest:0.894]
[02:30:58] [Server thread/WARN]: Adding Biomes to structure: repurposed_structures:witch_hut_taiga tag:repurposed_structures:has_structure/witch_huts/taiga mins:0.784 biomes: [minecraft:old_growth_pine_taiga:0.81]
[02:30:58] [Server thread/WARN]: Adding Biomes to structure: formationsoverworld:witch_tower tag:formationsoverworld:has_structure/witch_tower mins:0.556 biomes: [biomesoplenty:forested_field:0.573]
[02:30:58] [Server thread/WARN]: Adding Biomes to structure: betterdungeons:zombie_dungeon tag:betterdungeons:has_structure/zombie_dungeon mins:0.509 biomes: [minecraft:mangrove_swamp:0.515]
[02:30:58] [Server thread/INFO]: Preparing start region for dimension minecraft:overworld
[02:30:58] [Server thread/INFO]: [STDOUT]: [ScalableLux] Lighting scaling is enabled in externally managed mode
[02:31:00] [c2me-worker-4/INFO]: Preparing spawn area: 0%
[02:31:00] [c2me-worker-4/INFO]: Preparing spawn area: 0%
[02:31:00] [c2me-worker-4/INFO]: Preparing spawn area: 0%
[02:31:00] [c2me-worker-6/INFO]: Preparing spawn area: 0%
[02:31:00] [c2me-worker-6/INFO]: Preparing spawn area: 0%
[02:31:01] [c2me-worker-1/INFO]: Preparing spawn area: 0%
[02:31:01] [c2me-worker-1/INFO]: Preparing spawn area: 12%
[02:31:02] [c2me-worker-1/INFO]: Preparing spawn area: 51%
[02:31:02] [Server thread/INFO]: Preparing spawn area: 100%
[02:31:03] [c2me-worker-3/INFO]: Preparing spawn area: 100%
[02:31:03] [Server thread/INFO]: Time elapsed: 4661 ms
[02:31:03] [Server thread/INFO]: Done (39.221s)! For help, type "help"
[02:31:03] [Server thread/WARN]: Dedicated server took 136.124 seconds to load
[02:31:04] [Server thread/INFO]: Loading quests from /workspaces/painful_time/BetterMC/config/ftbquests/quests
[02:31:04] [Server thread/INFO]: loaded translation tables for 1 language(s)
[02:31:04] [Server thread/INFO]: Loaded 3 chapter groups, 10 chapters, 100 quests, 1 reward tables
[02:31:04] [Server thread/INFO]: Loaded config for: connectivity.json
[02:31:04] [Server thread/INFO]: Loaded config for: smoothchunk.json
[02:31:04] [Server thread/INFO]: Loaded config for: biomemusic.json
[02:31:05] [Server thread/INFO]: Start loading plugin from Balm: net.blay09.mods.balm.fabric.compat.hudinfo.FabricJadeModCompat
[02:31:05] [Server thread/INFO]: Start loading plugin from Jade: snownee.jade.addon.core.CorePlugin
[02:31:05] [Server thread/INFO]: Start loading plugin from Jade: snownee.jade.addon.vanilla.VanillaPlugin
[02:31:05] [Server thread/INFO]: Start loading plugin from Jade: snownee.jade.addon.universal.UniversalPlugin
[02:31:05] [Server thread/INFO]: Start loading plugin from Jade: snownee.jade.addon.access.AccessibilityPlugin
[02:31:05] [Server thread/INFO]: Start loading plugin from Jade: snownee.jade.addon.debug.DebugPlugin
[02:31:05] [Server thread/INFO]: Start loading plugin from Jade Addons: snownee.jade.addon.JadeAddonsBase
[02:31:05] [Server thread/INFO]: Start loading plugin from Kiwi Library: snownee.kiwi.customization.compat.jade.JadeCompat
[02:31:05] [Server thread/INFO]: Start loading plugin from Your Reputation: atonkish.reputation.ReputationPlugin
[02:31:05] [Server thread/INFO]: Start loading plugin from Snow! Real Magic!: snownee.snow.compat.jade.JadeCompat
[02:31:05] [Server thread/INFO]: Start loading plugin from Supplementaries: net.mehvahdjukaar.supplementaries.integration.JadeCompat
[02:31:05] [Server thread/INFO]: Start loading plugin from Tom's Simple Storage Mod: com.tom.storagemod.jade.JadePlugin
[02:31:05] [Server thread/ERROR]: Error loading plugin at null
net.fabricmc.loader.api.EntrypointException: Exception while loading entries for entrypoint 'jade' provided by 'underlay'
	at net.fabricmc.loader.impl.entrypoint.EntrypointContainerImpl.getEntrypoint(EntrypointContainerImpl.java:56) ~[fabric-loader-0.19.2.jar:?]
	at knot/snownee.jade.util.CommonProxy.lambda$loadComplete$5(CommonProxy.java:451) ~[Jade-1.21.1-Fabric-15.10.5.jar:?]
	at java.base/java.util.ArrayList.forEach(ArrayList.java:1596) ~[?:?]
	at knot/snownee.jade.util.CommonProxy.loadComplete(CommonProxy.java:447) ~[Jade-1.21.1-Fabric-15.10.5.jar:?]
	at knot/snownee.jade.util.CommonProxy.lambda$onInitialize$8(CommonProxy.java:656) ~[Jade-1.21.1-Fabric-15.10.5.jar:?]
	at knot/net.fabricmc.fabric.api.event.lifecycle.v1.ServerLifecycleEvents.lambda$static$2(ServerLifecycleEvents.java:49) ~[fabric-lifecycle-events-v1-2.6.0+0865547519-a5ec64084535fadb.jar:?]
	at knot/net.minecraft.server.MinecraftServer.handler$dbm000$fabric-lifecycle-events-v1$afterSetupServer(MinecraftServer.java:8143) ~[server-intermediary.jar:?]
	at knot/net.minecraft.server.MinecraftServer.runServer(MinecraftServer.java:668) ~[server-intermediary.jar:?]
	at knot/net.minecraft.server.MinecraftServer.method_29739(MinecraftServer.java:281) ~[server-intermediary.jar:?]
	at java.base/java.lang.Thread.run(Thread.java:1583) [?:?]
Caused by: java.lang.RuntimeException: Cannot load class com.dooji.underlay.jade.UnderlayJadePlugin in environment type SERVER
	at net.fabricmc.loader.impl.transformer.FabricTransformer.transform(FabricTransformer.java:61) ~[fabric-loader-0.19.2.jar:?]
	at net.fabricmc.loader.impl.launch.knot.KnotClassDelegate.getPreMixinClassByteArray(KnotClassDelegate.java:475) ~[fabric-loader-0.19.2.jar:?]
	at net.fabricmc.loader.impl.launch.knot.KnotClassDelegate.getPostMixinClassByteArray(KnotClassDelegate.java:428) ~[fabric-loader-0.19.2.jar:?]
	at net.fabricmc.loader.impl.launch.knot.KnotClassDelegate.tryLoadClass(KnotClassDelegate.java:336) ~[fabric-loader-0.19.2.jar:?]
	at net.fabricmc.loader.impl.launch.knot.KnotClassDelegate.loadClass(KnotClassDelegate.java:231) ~[fabric-loader-0.19.2.jar:?]
	at net.fabricmc.loader.impl.launch.knot.KnotClassLoader.loadClass(KnotClassLoader.java:119) ~[fabric-loader-0.19.2.jar:?]
	at java.base/java.lang.ClassLoader.loadClass(ClassLoader.java:526) ~[?:?]
	at java.base/java.lang.Class.forName0(Native Method) ~[?:?]
	at java.base/java.lang.Class.forName(Class.java:534) ~[?:?]
	at java.base/java.lang.Class.forName(Class.java:513) ~[?:?]
	at net.fabricmc.loader.impl.util.DefaultLanguageAdapter.create(DefaultLanguageAdapter.java:50) ~[fabric-loader-0.19.2.jar:?]
	at net.fabricmc.loader.impl.entrypoint.EntrypointStorage$NewEntry.getOrCreate(EntrypointStorage.java:124) ~[fabric-loader-0.19.2.jar:?]
	at net.fabricmc.loader.impl.entrypoint.EntrypointContainerImpl.getEntrypoint(EntrypointContainerImpl.java:53) ~[fabric-loader-0.19.2.jar:?]
	... 9 more
[02:31:06] [Server thread/INFO]: [STDOUT]: Density function compilation finished in 933.8 ms
[02:31:08] [Server thread/INFO]: Added 2 Biomes
[02:31:08] [Server thread/INFO]:  - minecraft:end_barrens, subbiomes=1
[02:31:08] [Server thread/INFO]:  - minecraft:end_midlands, subbiomes=1
[02:31:09] [Server thread/WARN]: @ModifyConstant conflict. Skipping connectivity.mixins.json:ClientboundCustomPayloadPacketMixin from mod connectivity->@ModifyConstant::modifyLimit(I)I with priority 1, already redirected by packetfixer.v1_20_5.fabric.mixins.json:v1_20_5_fabric.ClientboundCustomPayloadPacketMixin from mod packetfixer->@ModifyConstant::packetfixer$newSize(I)I with priority 1000
[02:31:09] [Server thread/WARN]: @ModifyConstant conflict. Skipping connectivity.mixins.json:ClientboundCustomPayloadPacketMixin from mod connectivity->@ModifyConstant::modifyLimit2(I)I with priority 1, already redirected by packetfixer.v1_20_5.fabric.mixins.json:v1_20_5_fabric.ClientboundCustomPayloadPacketMixin from mod packetfixer->@ModifyConstant::packetfixer$newSize$2(I)I with priority 1000
[02:31:09] [C2ME Storage #26/INFO]: Storage thread Thread[#129,C2ME Storage #26,5,main] stopped
[02:31:09] [C2ME Storage #25/INFO]: Storage thread Thread[#128,C2ME Storage #25,5,main] stopped
[02:31:09] [C2ME Storage #27/INFO]: Storage thread Thread[#130,C2ME Storage #27,5,main] stopped
[02:31:10] [Server thread/INFO]: [STDOUT]: Density function compilation finished in 465.2 ms
[02:31:24] [Server thread/INFO]: Added 2 Biomes
[02:31:24] [Server thread/INFO]:  - minecraft:end_barrens, subbiomes=1
[02:31:24] [Server thread/INFO]:  - minecraft:end_midlands, subbiomes=1
[02:31:24] [Server thread/INFO]: Applied 10 gifts from packs
[02:31:24] [Server thread/INFO]: VillagerAPI initialization complete!
[02:31:24] [Server thread/INFO]: Registered synced player tracker system: ftb_teams
[02:31:24] [Server thread/INFO]: Registered synced player tracker system: ftb_teams
[02:31:24] [Server thread/INFO]: Auto report config loaded for mod: "the_bumblezone"
[02:31:24] [Server thread/INFO]: Blacklist loaded for namespace: "the_bumblezone"
[02:31:24] [Server thread/WARN]: Can't keep up! Is the server overloaded? Running 21432ms or 428 ticks behind
[02:31:24] [Server thread/INFO]: Loading Xaero's Minimap - Stage 2/2 (Server)
[02:31:24] [Server thread/INFO]: Loading Xaero's World Map - Stage 2/2 (Server)
[02:31:25] [Server thread/INFO]: Loading data for 36 chunks for filePath './world/chunk_activity_info/overworld.dat' took 16 milliseconds
[02:31:25] [Server thread/INFO]: Saving data for 36 chunks for dimension 'overworld' took 20 milliseconds
[02:31:25] [Server thread/INFO]: [STDOUT]: Lithium Cached BlockState Flags are disabled!
[02:31:27] [Server thread/WARN]: [Fabrication] Failed to retrieve method GiveCommand.execute(class_2168, class_2290, Collection, int) (deobf name Lnet/minecraft/server/command/GiveCommand;execute(Lnet/minecraft/server/command/ServerCommandSource;Lnet/minecraft/command/argument/ItemStackArgument;Ljava/util/Collection;I)I) - force-disabling *.i_and_more
[02:34:14] [Server thread/INFO]: mE1E[/[0:0:0:0:0:0:0:1%0]:37844] logged in with entity id 564 at (54.54561776426338, 70.0, 16.99750807605899)
[02:34:14] [Server thread/INFO]: Sending server config values to client
[02:34:14] [Server thread/INFO]: Started syncing loot info to mE1E
[02:34:14] [Server thread/INFO]: Finished syncing loot info to mE1E
[02:34:14] [Server thread/INFO]: Player mE1E logged in, protection active for 30 seconds
[02:34:17] [Server thread/INFO]: mE1E joined the game
[02:34:17] [Server thread/INFO]: Updating all forceload tickets for 1b2a24ea-b0bb-307c-ad96-bbc5f2697cc0
[02:34:17] [Server thread/WARN]: Can't keep up! Is the server overloaded? Running 3653ms or 73 ticks behind
[02:34:18] [Server thread/WARN]: @ModifyConstant conflict. Skipping packetfixer.v1_20_5.fabric.mixins.json:v1_20_5_fabric.ClientboundLevelChunkPacketDataMixin from mod packetfixer->@ModifyConstant::packetfixer$newSize(I)I with priority 1000, already redirected by connectivity.mixins.json:ClientBoundLevelChunkPacketDataLimitMixin from mod connectivity->@ModifyConstant::modifyLimit(I)I with priority 1000
[02:34:19] [Server thread/INFO]: Channel update: mE1E -> default
[02:34:19] [Server thread/INFO]: Priority overwritten for player mE1E. Claiming: GRAVE / Robbing: INVENTORY
[02:34:20] [Server thread/INFO]: Receiving client config
[02:34:43] [Server thread/WARN]: Can't keep up! Is the server overloaded? Running 10635ms or 212 ticks behind
[02:34:44] [Server thread/INFO]: Loading protection expired. (player mE1E)
[02:34:55] [Server thread/INFO]: mE1E was doomed to fall
[02:35:02] [Server thread/WARN]: Can't keep up! Is the server overloaded? Running 2010ms or 40 ticks behind
[02:35:03] [c2me-worker-5/WARN]: Method overwrite conflict for getChunk in bclib.mixins.common.json:SurfaceRulesContextAccessor from mod bclib, previously written by dev.worldgen.lithostitched.mixin.common.SurfaceRulesContextMixin. Skipping method.
[02:35:03] [c2me-worker-5/WARN]: Method overwrite conflict for getStoneDepthBelow in bclib.mixins.common.json:SurfaceRulesContextAccessor from mod bclib, previously written by dev.worldgen.lithostitched.mixin.common.SurfaceRulesContextMixin. Skipping method.
[02:35:03] [c2me-worker-5/WARN]: Method overwrite conflict for getChunk in wover.surface.mixins.common.json:SurfaceRulesContextAccessor from mod wover-surface, previously written by dev.worldgen.lithostitched.mixin.common.SurfaceRulesContextMixin. Skipping method.
[02:35:03] [c2me-worker-5/WARN]: Method overwrite conflict for getStoneDepthBelow in wover.surface.mixins.common.json:SurfaceRulesContextAccessor from mod wover-surface, previously written by dev.worldgen.lithostitched.mixin.common.SurfaceRulesContextMixin. Skipping method.
[02:35:23] [c2me-worker-5/WARN]: Empty height range: [25 absolute--8 absolute]
[02:35:30] [Server thread/WARN]: Can't keep up! Is the server overloaded? Running 12197ms or 243 ticks behind
[02:36:53] [Server thread/INFO]: Saving data for 38 chunks for dimension 'overworld' took 10 milliseconds
[02:38:29] [Server thread/INFO]: mE1E has made the advancement [Sweet Dreams]
[02:41:53] [Server thread/INFO]: Saving data for 38 chunks for dimension 'overworld' took 1 milliseconds
[02:46:53] [Server thread/INFO]: Saving data for 43 chunks for dimension 'overworld' took 4 milliseconds
[02:51:43] [Server thread/INFO]: mE1E has made the advancement [Cover Me with Diamonds]
[02:51:53] [Server thread/INFO]: Saving data for 46 chunks for dimension 'overworld' took 12 milliseconds
[02:53:33] [Server thread/INFO]: mE1E has made the advancement [Ice Bucket Challenge]
[02:56:53] [Server thread/INFO]: Saving data for 48 chunks for dimension 'overworld' took 0 milliseconds
[03:01:53] [Server thread/INFO]: Saving data for 50 chunks for dimension 'overworld' took 1 milliseconds
[03:06:53] [Server thread/INFO]: Saving data for 51 chunks for dimension 'overworld' took 0 milliseconds
[03:11:53] [Server thread/INFO]: Saving data for 56 chunks for dimension 'overworld' took 3 milliseconds
[03:16:53] [Server thread/INFO]: Saving data for 58 chunks for dimension 'overworld' took 2 milliseconds
[03:21:53] [Server thread/INFO]: Saving data for 68 chunks for dimension 'overworld' took 8 milliseconds
[03:26:53] [Server thread/INFO]: Saving data for 77 chunks for dimension 'overworld' took 4 milliseconds
[03:29:40] [Server thread/INFO]: Named entity class_1604['Hanybal the Pillager'/9603, l='ServerLevel[world]', x=128.43, y=105.00, z=154.91] died: Hanybal the Pillager was shot by Ase the Pillager
[03:29:45] [Server thread/INFO]: Named entity class_1604['Xyza the Pillager'/9622, l='ServerLevel[world]', x=129.13, y=103.00, z=153.67] died: Xyza the Pillager was shot by Ase the Pillager
[03:29:53] [Server thread/INFO]: Named entity class_1604['Doti the Pillager'/9620, l='ServerLevel[world]', x=130.38, y=105.02, z=155.76] died: Doti the Pillager was shot by Alora the Pillager
[03:29:56] [Server thread/INFO]: Named entity class_1604['Ase the Pillager'/9601, l='ServerLevel[world]', x=136.20, y=95.00, z=159.30] died: Ase the Pillager was doomed to fall by mE1E
[03:29:57] [Server thread/INFO]: Named entity class_1604['Alora the Pillager'/9602, l='ServerLevel[world]', x=129.23, y=105.00, z=161.54] died: Alora the Pillager was slain by mE1E
[03:30:00] [Server thread/INFO]: Named entity class_1604['Nykee the Pillager'/9599, l='ServerLevel[world]', x=129.87, y=105.00, z=161.28] died: Nykee the Pillager was slain by mE1E
[03:30:00] [Server thread/INFO]: Named entity class_1604['Fila the Pillager'/9600, l='ServerLevel[world]', x=129.30, y=105.00, z=161.01] died: Fila the Pillager was slain by mE1E
[03:30:03] [Server thread/INFO]: Named entity class_1604['Jeni the Pillager'/9621, l='ServerLevel[world]', x=133.62, y=98.00, z=154.63] died: Jeni the Pillager was doomed to fall by mE1E
[03:31:53] [Server thread/INFO]: Saving data for 95 chunks for dimension 'overworld' took 3 milliseconds
[03:34:47] [Server thread/INFO]: Named entity class_1439['Dream Alternator Network'/9580, l='ServerLevel[world]', x=91.85, y=108.00, z=155.85] died: Dream Alternator Network was slain by mE1E
[03:36:34] [Server thread/INFO]: Named entity class_1604['Ascelina the Pillager'/10394, l='ServerLevel[world]', x=95.70, y=108.00, z=156.60] died: Ascelina the Pillager was slain by mE1E
[03:36:53] [Server thread/INFO]: Saving data for 100 chunks for dimension 'overworld' took 1 milliseconds
[03:37:48] [Server thread/WARN]: Can't keep up! Is the server overloaded? Running 2149ms or 42 ticks behind
[03:38:06] [Server thread/ERROR]: Failed to replant minecraft:wheat_seeds
[03:38:11] [Server thread/ERROR]: Failed to replant minecraft:wheat_seeds
[03:38:14] [Server thread/WARN]: Can't keep up! Is the server overloaded? Running 10711ms or 214 ticks behind
[03:38:26] [Server thread/INFO]: Deregistering server plugin data...
[03:38:26] [Server thread/INFO]: Deregistering server plugin data finished
[03:38:26] [C2ME Storage #30/INFO]: Storage thread Thread[#134,C2ME Storage #30,5,main] stopped
[03:38:26] [C2ME Storage #29/INFO]: Storage thread Thread[#132,C2ME Storage #29,5,main] stopped
[03:38:26] [Server thread/ERROR]: Exception stopping the server
java.lang.NoClassDefFoundError: dev/wuffs/bcc/data/BetterStatusServerHolder
	at knot/toni.packanalytics.BCCCompat.getBCCVersion(BCCCompat.java:10) ~[packanalytics-fabric-1.0.4-1.21.1.jar:?]
	at knot/toni.packanalytics.PackAnalytics.sendKeepAliveRequest(PackAnalytics.java:158) ~[packanalytics-fabric-1.0.4-1.21.1.jar:?]
	at knot/toni.packanalytics.PackAnalytics.lambda$onInitialize$1(PackAnalytics.java:105) ~[packanalytics-fabric-1.0.4-1.21.1.jar:?]
	at knot/net.fabricmc.fabric.api.event.lifecycle.v1.ServerLifecycleEvents.lambda$static$4(ServerLifecycleEvents.java:63) ~[fabric-lifecycle-events-v1-2.6.0+0865547519-a5ec64084535fadb.jar:?]
	at knot/net.minecraft.server.MinecraftServer.handler$dbm000$fabric-lifecycle-events-v1$beforeShutdownServer(MinecraftServer.java:8148) ~[server-intermediary.jar:?]
	at knot/net.minecraft.server.MinecraftServer.shutdown(MinecraftServer.java) ~[server-intermediary.jar:?]
	at knot//MC/net.minecraft.server.dedicated.MinecraftDedicatedServer.shutdown(MinecraftDedicatedServer.java:561) ~[server-intermediary.jar:?]
	at knot/net.minecraft.server.MinecraftServer.runServer(MinecraftServer.java:735) ~[server-intermediary.jar:?]
	at knot/net.minecraft.server.MinecraftServer.method_29739(MinecraftServer.java:281) ~[server-intermediary.jar:?]
	at java.base/java.lang.Thread.run(Thread.java:1583) [?:?]
Caused by: java.lang.ClassNotFoundException: dev.wuffs.bcc.data.BetterStatusServerHolder
	... 10 more
[03:38:26] [C2ME Storage #28/INFO]: Storage thread Thread[#131,C2ME Storage #28,5,main] stopped
